-- phpMyAdmin SQL Dump
-- version 5.2.1
-- https://www.phpmyadmin.net/
--
-- Host: 127.0.0.1
-- Generation Time: Nov 21, 2025 at 02:13 AM
-- Server version: 10.4.32-MariaDB
-- PHP Version: 8.2.12

SET SQL_MODE = "NO_AUTO_VALUE_ON_ZERO";
START TRANSACTION;
SET time_zone = "+00:00";


/*!40101 SET @OLD_CHARACTER_SET_CLIENT=@@CHARACTER_SET_CLIENT */;
/*!40101 SET @OLD_CHARACTER_SET_RESULTS=@@CHARACTER_SET_RESULTS */;
/*!40101 SET @OLD_COLLATION_CONNECTION=@@COLLATION_CONNECTION */;
/*!40101 SET NAMES utf8mb4 */;

--
-- Database: `monitoring_anomali`
--

-- --------------------------------------------------------

--
-- Table structure for table `anomali`
--

CREATE TABLE `anomali` (
  `id` int(11) NOT NULL,
  `id_kategori_anomali` int(11) NOT NULL,
  `id_user` int(11) NOT NULL,
  `id_wilayah` varchar(16) NOT NULL,
  `id_rtart` varchar(24) NOT NULL,
  `konfirmasi` text DEFAULT NULL,
  `date_created` datetime NOT NULL DEFAULT current_timestamp(),
  `date_deleted` datetime DEFAULT NULL
) ENGINE=InnoDB DEFAULT CHARSET=utf8mb4 COLLATE=utf8mb4_general_ci;

--
-- Dumping data for table `anomali`
--

INSERT INTO `anomali` (`id`, `id_kategori_anomali`, `id_user`, `id_wilayah`, `id_rtart`, `konfirmasi`, `date_created`, `date_deleted`) VALUES
(1, 1, 1, '1311040008000401', '1311040008000401001011', '', '2025-11-13 20:22:45', NULL),
(2, 1, 1, '1311040008000401', '1311040008000401001021', 'Sesuai Lapangan', '2025-11-13 20:22:45', NULL),
(4, 13, 1, '1311021002000100', '131102100200010000101', 'Perlu Perbaikan: NIK salah format', '0000-00-00 00:00:00', NULL),
(5, 10, 1, '1311030005000901', '131103000500090100101', 'Data Ganda: Ditemukan entri serupa di Blok B', '0000-00-00 00:00:00', NULL),
(6, 9, 1, '1311040003000902', '131104000300090200101', 'Sesuai Lapangan: Tidak ada perubahan data', '0000-00-00 00:00:00', NULL),
(7, 14, 1, '1311011007000502', '131101100700050200101', 'Perlu perbaikan: Kode wilayah RT/RW keliru', '0000-00-00 00:00:00', NULL),
(8, 18, 1, '1311023003000300', '131102300300030000101', 'Sesuai Lapangan', '0000-00-00 00:00:00', NULL),
(9, 1, 1, '1311040008000503', '131104000800050300101', 'Data Ganda: Responden ditemukan di Blok Sensus lain', '0000-00-00 00:00:00', NULL),
(10, 10, 1, '1311040005000501', '131104000500050100101', 'Perlu perbaikan: Nilai penghasilan tidak masuk akal', '0000-00-00 00:00:00', NULL),
(11, 11, 1, '1311020005002500', '131102000500250000101', 'Sesuai Lapangan: Data sudah diverifikasi ulang', '0000-00-00 00:00:00', NULL),
(12, 14, 1, '1311040006000802', '131104000600080200101', 'Data Ganda: Duplikasi data Kepala Keluarga', '0000-00-00 00:00:00', NULL),
(13, 5, 1, '1311040004000601', '131104000400060100101', 'Sesuai Lapangan', '0000-00-00 00:00:00', NULL),
(14, 8, 1, '1311023004000401', '131102300400040100101', 'Perlu perbaikan: Kelengkapan data pendidikan formal', '0000-00-00 00:00:00', NULL),
(15, 8, 1, '1311040007000801', '131104000700080100101', 'Sesuai Lapangan', '0000-00-00 00:00:00', NULL),
(16, 20, 1, '1311020001000802', '131102000100080200101', 'Perlu perbaikan: Status rumah tangga perlu diperjelas', '0000-00-00 00:00:00', NULL),
(17, 16, 1, '1311010007000300', '131101000700030000101', 'Data Ganda: Entry berulang oleh pengguna yang sama', '0000-00-00 00:00:00', NULL),
(18, 5, 1, '1311011001000301', '131101100100030100101', 'Sesuai Lapangan', '0000-00-00 00:00:00', NULL),
(19, 17, 1, '1311031004000902', '131103100400090200101', 'Perlu perbaikan: Jenis kelamin KK terbalik', '0000-00-00 00:00:00', NULL),
(20, 16, 1, '1311012004000101', '131101200400010100101', 'Data Ganda: Hanya perlu menghapus satu entri', '0000-00-00 00:00:00', NULL),
(21, 15, 1, '1311040008000601', '131104000800060100101', 'Sesuai Lapangan: Data telah diperbaiki dan diverifikasi', '0000-00-00 00:00:00', NULL),
(22, 16, 1, '1311011003000402', '131101100300040200101', 'Perlu perbaikan: NIK kosong, wajib diisi', '0000-00-00 00:00:00', NULL),
(23, 10, 1, '1311010008000502', '131101000800050200101', 'Sesuai Lapangan: Ditemukan error pada sistem, bukan data', '0000-00-00 00:00:00', NULL),
(24, 10, 1, '1311021002000401', '131102100200040100101', 'Perlu perbaikan: Kolom pekerjaan terlewat', '0000-00-00 00:00:00', NULL),
(25, 4, 1, '1311022002000301', '131102200200030100101', 'Data Ganda: Kesalahan penginputan nama', '0000-00-00 00:00:00', NULL),
(26, 4, 1, '1311010006000900', '131101000600090000101', 'Sesuai Lapangan', '0000-00-00 00:00:00', NULL),
(27, 6, 1, '1311022004000100', '131102200400010000101', 'Perlu perbaikan: Tanggal wawancara tidak sesuai', '0000-00-00 00:00:00', NULL),
(28, 10, 1, '1311040006000701', '131104000600070100101', 'Perlu perbaikan: Usia KK harus > 17 tahun', '0000-00-00 00:00:00', NULL),
(29, 10, 1, '1311022003000100', '131102200300010000101', 'Sesuai Lapangan: Terverifikasi, data input sudah benar', '0000-00-00 00:00:00', NULL),
(30, 19, 1, '1311011007000701', '131101100700070100101', 'Data Ganda: Responden ini sudah tercatat di KK sebelah', '0000-00-00 00:00:00', NULL),
(31, 5, 1, '1311021002000402', '131102100200040200101', 'Perlu perbaikan: Status pekerjaan tidak konsisten', '0000-00-00 00:00:00', NULL),
(32, 13, 1, '1311010006000402', '131101000600040200101', 'Sesuai Lapangan: Setelah diperiksa, data valid', '0000-00-00 00:00:00', NULL),
(33, 1, 1, '1311020003002102', '131102000300210200101', 'Perlu perbaikan: Alamat tidak terisi lengkap', '0000-00-00 00:00:00', NULL),
(34, 13, 1, '1311011005000202', '131101100500020200101', 'Data Ganda: Duplikasi ID responden', '0000-00-00 00:00:00', NULL),
(35, 11, 1, '1311030005000802', '131103000500080200101', 'Sesuai Lapangan: Tidak ada koreksi data', '0000-00-00 00:00:00', NULL),
(36, 8, 1, '1311021002000600', '131102100200060000101', 'Perlu perbaikan: Tanggal lahir bertentangan dengan usia', '0000-00-00 00:00:00', NULL),
(37, 6, 1, '1311010005000501', '131101000500050100101', 'Sesuai Lapangan', '0000-00-00 00:00:00', NULL),
(38, 11, 1, '1311031004001002', '131103100400100200101', 'Perlu perbaikan: Hubungan dengan KK salah', '0000-00-00 00:00:00', NULL),
(39, 11, 1, '1311020003000900', '131102000300090000101', 'Sesuai Lapangan: Anomali disebabkan oleh entry ganda di server', '0000-00-00 00:00:00', NULL),
(40, 6, 1, '1311041001000600', '131104100100060000101', 'Data Ganda: Terdeteksi NIK yang sama', '0000-00-00 00:00:00', NULL),
(41, 8, 1, '1311020003002002', '131102000300200200101', 'Perlu perbaikan: Koordinat GPS perlu diperbarui', '0000-00-00 00:00:00', NULL),
(42, 6, 1, '1311040003000601', '131104000300060100101', 'Sesuai Lapangan: Anomali telah diabaikan (false positive)', '0000-00-00 00:00:00', NULL),
(43, 5, 1, '1311041004000101', '131104100400010100101', 'Perlu perbaikan: Jumlah anggota KK tidak sinkron', '0000-00-00 00:00:00', NULL),
(44, 19, 1, '1311041003000102', '131104100300010200101', 'Sesuai Lapangan: Data di lapangan sudah akurat', '0000-00-00 00:00:00', NULL),
(45, 1, 1, '1311020003000301', '131102000300030100101', 'Perlu perbaikan: Jenis lantai rumah dan aset tidak wajar', '0000-00-00 00:00:00', NULL),
(46, 5, 1, '1311040008000801', '131104000800080100101', 'Sesuai Lapangan: Dikonfirmasi oleh supervisor', '0000-00-00 00:00:00', NULL),
(47, 11, 1, '1311010006000100', '131101000600010000101', 'Data Ganda: Entri sudah dihapus', '0000-00-00 00:00:00', NULL),
(48, 6, 1, '1311012001000200', '131101200100020000101', 'Perlu perbaikan: Status perkawinan harus diubah', '0000-00-00 00:00:00', NULL),
(49, 16, 1, '1311021003000102', '131102100300010200101', 'Sesuai Lapangan: Data ini valid, bukan anomali', '0000-00-00 00:00:00', NULL),
(50, 9, 1, '1311020005000100', '131102000500010000101', 'Data Ganda: NIK duplikat telah diperbaiki secara otomatis', '0000-00-00 00:00:00', NULL),
(51, 3, 1, '1311020003001502', '131102000300150200101', 'Perlu perbaikan: Sumber air minum tidak tercatat', '0000-00-00 00:00:00', NULL),
(52, 2, 1, '1311040007000600', '131104000700060000101', 'Sesuai Lapangan', '0000-00-00 00:00:00', NULL),
(53, 2, 1, '1311040003001101', '131104000300110100101', 'Sesuai Lapangan: Dikonfirmasi data usia valid', '0000-00-00 00:00:00', NULL),
(54, 4, 1, '1311030005001501', '131103000500150100101', 'Perlu perbaikan: Kode pos salah', '0000-00-00 00:00:00', NULL),
(55, 2, 1, '1311011002000201', '131101100200020100101', 'Data Ganda: Entri ini sudah ada, hapus', '0000-00-00 00:00:00', NULL),
(56, 2, 1, '1311012001000200', '131101200100020000101', 'Sesuai Lapangan', '0000-00-00 00:00:00', NULL),
(57, 2, 1, '1311040003000201', '131104000300020100101', 'Perlu perbaikan: Jenis atap rumah tidak sesuai', '0000-00-00 00:00:00', NULL),
(58, 2, 1, '1311041003000101', '131104100300010100101', 'Sesuai Lapangan: Tidak ada koreksi', '0000-00-00 00:00:00', NULL),
(59, 1, 1, '1311020003000900', '131102000300090000101', 'Data Ganda: Duplikasi NIK dan Nama', '0000-00-00 00:00:00', NULL),
(60, 1, 1, '1311011004000100', '131101100400010000101', 'Perlu perbaikan: Jumlah anggota KK tidak sesuai', '0000-00-00 00:00:00', NULL),
(61, 3, 1, '1311022001000100', '131102200100010000101', 'Sesuai Lapangan: Validasi NIK berhasil', '0000-00-00 00:00:00', NULL),
(62, 4, 1, '1311030002001500', '131103000200150000101', 'Perlu perbaikan: Status disabilitas perlu diperjelas', '0000-00-00 00:00:00', NULL),
(63, 1, 1, '1311011002000201', '131101100200020100101', 'Sesuai Lapangan', '0000-00-00 00:00:00', NULL),
(64, 2, 1, '1311030005001101', '131103000500110100101', 'Data Ganda: Entri telah digabungkan', '0000-00-00 00:00:00', NULL),
(65, 3, 1, '1311041004000400', '131104100400040000101', 'Perlu perbaikan: Kolom jenis kelamin kosong', '0000-00-00 00:00:00', NULL),
(66, 2, 1, '1311010008000700', '131101000800070000101', 'Sesuai Lapangan: Dikonfirmasi oleh petugas lapangan', '0000-00-00 00:00:00', NULL),
(67, 4, 1, '1311041001001200', '131104100100120000101', 'Perlu perbaikan: Kode wilayah desa/kelurahan salah', '0000-00-00 00:00:00', NULL),
(68, 4, 1, '1311030005000802', '131103000500080200101', 'Data Ganda: Entri duplikat dengan nama serupa', '0000-00-00 00:00:00', NULL),
(69, 1, 1, '1311030001001203', '131103000100120300101', 'Sesuai Lapangan', '0000-00-00 00:00:00', NULL),
(70, 1, 1, '1311020005002600', '131102000500260000101', 'Perlu perbaikan: Data kepemilikan kendaraan tidak wajar', '0000-00-00 00:00:00', NULL),
(71, 3, 1, '1311030002000900', '131103000200090000101', 'Sesuai Lapangan: Sudah diperbaiki pada database', '0000-00-00 00:00:00', NULL),
(72, 2, 1, '1311011004000302', '131101100400030200101', 'Perlu perbaikan: Tanggal lahir kosong', '0000-00-00 00:00:00', NULL),
(73, 3, 1, '1311012003000400', '131101200300040000101', 'Sesuai Lapangan', '0000-00-00 00:00:00', NULL),
(74, 3, 1, '1311041004000101', '131104100400010100101', 'Data Ganda: Duplikasi alamat dan KK', '0000-00-00 00:00:00', NULL),
(75, 3, 1, '1311010005000301', '131101000500030100101', 'Perlu perbaikan: Kolom hubungan keluarga tidak diisi', '0000-00-00 00:00:00', NULL),
(76, 1, 1, '1311031001000500', '131103100100050000101', 'Sesuai Lapangan: Dikonfirmasi oleh pihak desa', '0000-00-00 00:00:00', NULL),
(77, 2, 1, '1311010005000602', '131101000500060200101', 'Perlu perbaikan: NIK kurang digit', '0000-00-00 00:00:00', NULL),
(78, 4, 1, '1311030001001201', '131103000100120100101', 'Sesuai Lapangan', '0000-00-00 00:00:00', NULL),
(79, 4, 1, '1311020003002202', '131102000300220200101', 'Data Ganda: Entri telah di-merge', '0000-00-00 00:00:00', NULL),
(80, 2, 1, '1311011002000400', '131101100200040000101', 'Perlu perbaikan: Tingkat pendidikan tidak sinkron', '0000-00-00 00:00:00', NULL),
(81, 3, 1, '1311040003000801', '131104000300080100101', 'Sesuai Lapangan', '0000-00-00 00:00:00', NULL),
(82, 3, 1, '1311020008000200', '131102000800020000101', 'Perlu perbaikan: Usia menikah pertama tidak valid', '0000-00-00 00:00:00', NULL),
(83, 3, 1, '1311011006000203', '131101100600020300101', 'Sesuai Lapangan', '0000-00-00 00:00:00', NULL),
(84, 1, 1, '1311030004000701', '131103000400070100101', 'Perlu perbaikan: Status KK tidak ada', '0000-00-00 00:00:00', NULL),
(85, 1, 1, '1311040008000202', '131104000800020200101', 'Data Ganda: Duplikasi NIK', '0000-00-00 00:00:00', NULL),
(86, 4, 1, '1311020008000102', '131102000800010200101', 'Sesuai Lapangan', '0000-00-00 00:00:00', NULL),
(87, 4, 1, '1311023004000202', '131102300400020200101', 'Perlu perbaikan: Kode wilayah diubah', '0000-00-00 00:00:00', NULL),
(88, 2, 1, '1311020008000704', '131102000800070400101', 'Data Ganda: Entri duplikat', '0000-00-00 00:00:00', NULL),
(89, 4, 1, '1311010008000301', '131101000800030100101', 'Perlu perbaikan: Jenis lantai perlu diubah', '0000-00-00 00:00:00', NULL),
(90, 4, 1, '1311031001000302', '131103100100030200101', 'Sesuai Lapangan', '0000-00-00 00:00:00', NULL),
(91, 2, 1, '1311020008000800', '131102000800080000101', 'Perlu perbaikan: Nama KK salah input', '0000-00-00 00:00:00', NULL),
(92, 2, 1, '1311040008000701', '131104000800070100101', 'Sesuai Lapangan', '0000-00-00 00:00:00', NULL),
(93, 4, 1, '1311040008000802', '131104000800080200101', 'Perlu perbaikan: Status bekerja perlu diverifikasi', '0000-00-00 00:00:00', NULL),
(94, 1, 1, '1311030004000302', '131103000400030200101', 'Data Ganda: Entri duplikat telah dibatalkan', '0000-00-00 00:00:00', NULL),
(95, 4, 1, '1311030004000703', '131103000400070300101', 'Sesuai Lapangan', '0000-00-00 00:00:00', NULL),
(96, 1, 1, '1311030005000801', '131103000500080100101', 'Perlu perbaikan: Format tanggal lahir salah', '0000-00-00 00:00:00', NULL),
(97, 1, 1, '1311011003000402', '131101100300040200101', 'Sesuai Lapangan: Anomali disebabkan oleh system lag', '0000-00-00 00:00:00', NULL),
(98, 4, 1, '1311020003000501', '131102000300050100101', 'Perlu perbaikan: Tingkat pendidikan tidak wajar', '0000-00-00 00:00:00', NULL),
(99, 4, 1, '1311030004000602', '131103000400060200101', 'Data Ganda: Responden ditemukan di Blok sebelah', '0000-00-00 00:00:00', NULL),
(100, 1, 1, '1311023001000100', '131102300100010000101', 'Sesuai Lapangan', '0000-00-00 00:00:00', NULL),
(101, 2, 1, '1311011007000602', '131101100700060200101', 'Perlu perbaikan: Lama tinggal diubah', '0000-00-00 00:00:00', NULL),
(102, 4, 1, '1311031004000801', '131103100400080100101', 'Sesuai Lapangan: Data valid', '0000-00-00 00:00:00', NULL),
(103, 1, 1, '1311021002000800', '131102100200080000101', 'Perlu perbaikan: Usia lansia tercatat bekerja keras', '0000-00-00 00:00:00', NULL),
(104, 1, 1, '1311030004000200', '131103000400020000101', 'Data Ganda: NIK duplikat telah dihapus', '0000-00-00 00:00:00', NULL),
(105, 1, 1, '1311040005000700', '131104000500070000101', 'Sesuai Lapangan', '0000-00-00 00:00:00', NULL),
(106, 2, 1, '1311030001001202', '131103000100120200101', 'Perlu perbaikan: Kepemilikan KKS bertentangan', '0000-00-00 00:00:00', NULL),
(107, 3, 1, '1311011001000302', '131101100100030200101', 'Sesuai Lapangan: Anomali false positive', '0000-00-00 00:00:00', NULL),
(108, 4, 1, '1311011007000501', '131101100700050100101', 'Perlu perbaikan: Data migrasi tidak sinkron', '0000-00-00 00:00:00', NULL),
(109, 4, 1, '1311012004000401', '131101200400040100101', 'Data Ganda: Duplikasi ditemukan di kabupaten lain', '0000-00-00 00:00:00', NULL),
(110, 4, 1, '1311010008001500', '131101000800150000101', 'Sesuai Lapangan', '0000-00-00 00:00:00', NULL),
(111, 3, 1, '1311031001000401', '131103100100040100101', 'Perlu perbaikan: Pengeluaran per bulan kosong', '0000-00-00 00:00:00', NULL),
(112, 4, 1, '1311020005001500', '131102000500150000101', 'Data Ganda: Entri sudah diperbaiki', '0000-00-00 00:00:00', NULL),
(113, 1, 1, '1311012001000200', '131101200100020000101', 'Sesuai Lapangan: Validasi data gizi balita', '0000-00-00 00:00:00', NULL),
(114, 3, 1, '1311030002000600', '131103000200060000101', 'Perlu perbaikan: Jenis bahan bakar memasak tidak sesuai', '0000-00-00 00:00:00', NULL),
(115, 4, 1, '1311021004000900', '131102100400090000101', 'Sesuai Lapangan', '0000-00-00 00:00:00', NULL),
(116, 1, 1, '1311030005001101', '131103000500110100101', 'Perlu perbaikan: Data kepemilikan TV/Komputer', '0000-00-00 00:00:00', NULL),
(117, 3, 1, '1311012003000400', '131101200300040000101', 'Data Ganda: Duplikasi nama keluarga', '0000-00-00 00:00:00', NULL),
(118, 4, 1, '1311020005000600', '131102000500060000101', 'Sesuai Lapangan', '0000-00-00 00:00:00', NULL),
(119, 1, 1, '1311040008000402', '131104000800040200101', 'Perlu perbaikan: Status pelajar > 30 tahun', '0000-00-00 00:00:00', NULL),
(120, 4, 1, '1311020003001700', '131102000300170000101', 'Sesuai Lapangan: Data sudah sesuai dengan KK', '0000-00-00 00:00:00', NULL),
(121, 4, 1, '1311010006000600', '131101000600060000101', 'Perlu perbaikan: Anggota KK lebih dari 10', '0000-00-00 00:00:00', NULL),
(122, 2, 1, '1311010005000601', '131101000500060100101', 'Data Ganda: Duplikasi ID responden di sistem', '0000-00-00 00:00:00', NULL),
(123, 4, 1, '1311011007000201', '131101100700020100101', 'Sesuai Lapangan', '0000-00-00 00:00:00', NULL),
(124, 2, 1, '1311041003000101', '131104100300010100101', 'Perlu perbaikan: Data kepemilikan ternak tidak wajar', '0000-00-00 00:00:00', NULL),
(125, 3, 1, '1311022002000100', '131102200200010000101', 'Sesuai Lapangan', '0000-00-00 00:00:00', NULL),
(126, 2, 1, '1311040006000402', '131104000600040200101', 'Perlu perbaikan: Penghasilan tercatat nol, harus diperiksa', '0000-00-00 00:00:00', NULL),
(127, 3, 1, '1311031004000102', '131103100400010200101', 'Data Ganda: Responden ini sudah meninggal', '0000-00-00 00:00:00', NULL),
(128, 1, 1, '1311030002001000', '131103000200100000101', 'Sesuai Lapangan', '0000-00-00 00:00:00', NULL),
(129, 2, 1, '1311020001000200', '131102000100020000101', 'Perlu perbaikan: Status BPJS/Asuransi harus diisi', '0000-00-00 00:00:00', NULL),
(130, 4, 1, '1311021003000500', '131102100300050000101', 'Sesuai Lapangan: Data sudah divalidasi silang', '0000-00-00 00:00:00', NULL),
(131, 1, 1, '1311021001000900', '131102100100090000101', 'Perlu perbaikan: Kesalahan penulisan NIK', '0000-00-00 00:00:00', NULL),
(132, 2, 1, '1311030005000802', '131103000500080200101', 'Sesuai Lapangan', '0000-00-00 00:00:00', NULL),
(133, 3, 1, '1311011003000103', '131101100300010300101', 'Perlu perbaikan: NIK belum terdaftar di Dukcapil', '0000-00-00 00:00:00', NULL),
(134, 3, 1, '1311020008001000', '131102000800100000101', 'Sesuai Lapangan: Validasi data kepemilikan aset aman', '0000-00-00 00:00:00', NULL),
(135, 4, 1, '1311010007000600', '131101000700060000101', 'Data Ganda: Duplikasi ditemukan di BS yang sama', '0000-00-00 00:00:00', NULL),
(136, 4, 1, '1311040003000506', '131104000300050600101', 'Perlu perbaikan: Nama responden tidak lengkap', '0000-00-00 00:00:00', NULL),
(137, 2, 1, '1311022003000502', '131102200300050200101', 'Sesuai Lapangan', '0000-00-00 00:00:00', NULL),
(138, 1, 1, '1311031002000802', '131103100200080200101', 'Data Ganda: Duplikasi ID RTART', '0000-00-00 00:00:00', NULL),
(139, 2, 1, '1311031003000100', '131103100300010000101', 'Perlu perbaikan: Kolom pekerjaan masih nol', '0000-00-00 00:00:00', NULL),
(140, 3, 1, '1311030001001202', '131103000100120200101', 'Sesuai Lapangan: Anomali diabaikan', '0000-00-00 00:00:00', NULL),
(141, 4, 1, '1311030005000502', '131103000500050200101', 'Perlu perbaikan: Status KK harus \"Bapak\" atau \"Ibu\"', '0000-00-00 00:00:00', NULL),
(142, 2, 1, '1311030005000401', '131103000500040100101', 'Sesuai Lapangan', '0000-00-00 00:00:00', NULL),
(143, 1, 1, '1311040003000402', '131104000300040200101', 'Data Ganda: Ditemukan entry ganda di laporan harian', '0000-00-00 00:00:00', NULL),
(144, 4, 1, '1311010006000600', '131101000600060000101', 'Perlu perbaikan: Jenis usaha perlu diverifikasi', '0000-00-00 00:00:00', NULL),
(145, 4, 1, '1311040003000402', '131104000300040200101', 'Sesuai Lapangan', '0000-00-00 00:00:00', NULL),
(146, 1, 1, '1311040003000901', '131104000300090100101', 'Perlu perbaikan: Status rumah ganda', '0000-00-00 00:00:00', NULL),
(147, 3, 1, '1311011007000602', '131101100700060200101', 'Sesuai Lapangan', '0000-00-00 00:00:00', NULL),
(148, 4, 1, '1311041004000102', '131104100400010200101', 'Perlu perbaikan: Data tanggal survei salah', '0000-00-00 00:00:00', NULL),
(149, 4, 1, '1311012004000200', '131101200400020000101', 'Data Ganda: Duplikasi nama dan alamat', '0000-00-00 00:00:00', NULL),
(150, 3, 1, '1311030004000100', '131103000400010000101', 'Sesuai Lapangan: Anomali telah diabaikan', '0000-00-00 00:00:00', NULL),
(151, 3, 1, '1311012002000402', '131101200200040200101', 'Perlu perbaikan: Status pernikahan tidak jelas', '0000-00-00 00:00:00', NULL),
(152, 2, 1, '1311030001001301', '131103000100130100101', 'Data Ganda: Duplikasi ditemukan pada NIK', '0000-00-00 00:00:00', NULL),
(153, 3, 1, '1311012003000100', '131101200300010000101', 'Sesuai Lapangan', '0000-00-00 00:00:00', NULL),
(154, 1, 1, '1311012004000200', '131101200400020000101', 'Perlu perbaikan: Kolom status kematian terlewat', '0000-00-00 00:00:00', NULL),
(155, 1, 1, '1311022004000601', '131102200400060100101', 'Data Ganda: Duplikasi data RTART', '0000-00-00 00:00:00', NULL),
(156, 4, 1, '1311012002000300', '131101200200030000101', 'Sesuai Lapangan', '0000-00-00 00:00:00', NULL),
(157, 3, 1, '1311030005001401', '131103000500140100101', 'Perlu perbaikan: Kode wilayah perlu dikoreksi', '0000-00-00 00:00:00', NULL),
(158, 3, 1, '1311011003000401', '131101100300040100101', 'Data Ganda: Entri telah dihapus secara massal', '0000-00-00 00:00:00', NULL),
(159, 2, 1, '1311040006000703', '131104000600070300101', 'Sesuai Lapangan', '0000-00-00 00:00:00', NULL),
(160, 1, 1, '1311030001000402', '131103000100040200101', 'Perlu perbaikan: Nomor KK salah format', '0000-00-00 00:00:00', NULL),
(161, 2, 1, '1311040003000901', '131104000300090100101', 'Sesuai Lapangan: Dikonfirmasi oleh petugas senior', '0000-00-00 00:00:00', NULL),
(162, 1, 1, '1311020005000600', '131102000500060000101', 'Perlu perbaikan: Data kepemilikan lahan tidak jelas', '0000-00-00 00:00:00', NULL),
(163, 1, 1, '1311020008000901', '131102000800090100101', 'Sesuai Lapangan', '0000-00-00 00:00:00', NULL),
(164, 2, 1, '1311021001000700', '131102100100070000101', 'Data Ganda: Duplikasi ditemukan di Kecamatan berbeda', '0000-00-00 00:00:00', NULL),
(165, 4, 1, '1311020001000100', '131102000100010000101', 'Perlu perbaikan: Data penggunaan air tidak konsisten', '0000-00-00 00:00:00', NULL),
(166, 2, 1, '1311021002000401', '131102100200040100101', 'Sesuai Lapangan', '0000-00-00 00:00:00', NULL),
(167, 3, 1, '1311020005002400', '131102000500240000101', 'Perlu perbaikan: Status pekerjaan pensiunan', '0000-00-00 00:00:00', NULL),
(168, 4, 1, '1311010008001300', '131101000800130000101', 'Data Ganda: Duplikasi data anggota keluarga', '0000-00-00 00:00:00', NULL),
(169, 1, 1, '1311040006001400', '131104000600140000101', 'Sesuai Lapangan', '0000-00-00 00:00:00', NULL),
(170, 3, 1, '1311030001000201', '131103000100020100101', 'Perlu perbaikan: Jenis atap rumah perlu diverifikasi', '0000-00-00 00:00:00', NULL),
(171, 2, 1, '1311030002000300', '131103000200030000101', 'Sesuai Lapangan: Tidak ada perubahan', '0000-00-00 00:00:00', NULL),
(172, 1, 1, '1311020001000400', '131102000100040000101', 'Perlu perbaikan: Kolom gender tidak terisi', '0000-00-00 00:00:00', NULL),
(173, 4, 1, '1311040003000701', '131104000300070100101', 'Perlu perbaikan: Penghasilan tidak wajar', '0000-00-00 00:00:00', NULL),
(174, 1, 1, '1311010006000401', '131101000600040100101', 'Data Ganda: Responden ini sudah tercatat sebagai ART', '0000-00-00 00:00:00', NULL),
(175, 2, 1, '1311011003000402', '131101100300040200101', 'Sesuai Lapangan', '0000-00-00 00:00:00', NULL),
(176, 4, 1, '1311020003001800', '131102000300180000101', 'Perlu perbaikan: Kolom tanggungan keluarga kosong', '0000-00-00 00:00:00', NULL),
(177, 3, 1, '1311031002000802', '131103100200080200101', 'Sesuai Lapangan: Koreksi minor pada kode wilayah', '0000-00-00 00:00:00', NULL),
(178, 3, 1, '1311023004000300', '131102300400030000101', 'Data Ganda: Duplikasi alamat rumah tangga', '0000-00-00 00:00:00', NULL),
(179, 3, 1, '1311010006000600', '131101000600060000101', 'Perlu perbaikan: Sumber penerangan tidak jelas', '0000-00-00 00:00:00', NULL),
(180, 3, 1, '1311031004000801', '131103100400080100101', 'Sesuai Lapangan', '0000-00-00 00:00:00', NULL),
(181, 3, 1, '1311020003001600', '131102000300160000101', 'Perlu perbaikan: Pendidikan terakhir tidak diisi', '0000-00-00 00:00:00', NULL),
(182, 4, 1, '1311020008000400', '131102000800040000101', 'Data Ganda: Duplikasi entri dengan stempel waktu berbeda', '0000-00-00 00:00:00', NULL),
(183, 3, 1, '1311040003000802', '131104000300080200101', 'Sesuai Lapangan', '0000-00-00 00:00:00', NULL),
(184, 2, 1, '1311023004000401', '131102300400040100101', 'Perlu perbaikan: Data kepemilikan aset perlu diperjelas', '0000-00-00 00:00:00', NULL),
(185, 1, 1, '1311020008000102', '131102000800010200101', 'Sesuai Lapangan', '0000-00-00 00:00:00', NULL),
(186, 1, 1, '1311020001000700', '131102000100070000101', 'Perlu perbaikan: Format nomor kontak tidak baku', '0000-00-00 00:00:00', NULL),
(187, 3, 1, '1311010008001500', '131101000800150000101', 'Sesuai Lapangan: Tidak ada tindak lanjut', '0000-00-00 00:00:00', NULL),
(188, 1, 1, '1311022003000100', '131102200300010000101', 'Data Ganda: Duplikasi total pengeluaran', '0000-00-00 00:00:00', NULL),
(189, 1, 1, '1311011006000501', '131101100600050100101', 'Perlu perbaikan: Data disabilitas dipertanyakan', '0000-00-00 00:00:00', NULL),
(190, 2, 1, '1311030001000900', '131103000100090000101', 'Sesuai Lapangan', '0000-00-00 00:00:00', NULL),
(191, 3, 1, '1311012004000300', '131101200400030000101', 'Perlu perbaikan: Jenis usaha tidak terisi', '0000-00-00 00:00:00', NULL),
(192, 4, 1, '1311020005000501', '131102000500050100101', 'Sesuai Lapangan', '0000-00-00 00:00:00', NULL),
(193, 2, 1, '1311010006001200', '131101000600120000101', 'Perlu perbaikan: Kategori anomali perlu diubah', '0000-00-00 00:00:00', NULL),
(194, 2, 1, '1311012004000102', '131101200400010200101', 'Data Ganda: Duplikasi dalam satu KK', '0000-00-00 00:00:00', NULL),
(195, 2, 1, '1311040008000901', '131104000800090100101', 'Sesuai Lapangan: Data final', '0000-00-00 00:00:00', NULL),
(196, 1, 1, '1311040007000402', '131104000700040200101', 'Perlu perbaikan: Lama tinggal tidak konsisten', '0000-00-00 00:00:00', NULL),
(197, 2, 1, '1311030004000802', '131103000400080200101', 'Sesuai Lapangan: Anomali teratasi', '0000-00-00 00:00:00', NULL),
(198, 4, 1, '1311011002000301', '131101100200030100101', 'Perlu perbaikan: Jenis rumah tidak valid', '0000-00-00 00:00:00', NULL),
(199, 3, 1, '1311040008000402', '131104000800040200101', 'Data Ganda: Duplikasi ID responden', '0000-00-00 00:00:00', NULL),
(200, 3, 1, '1311021004000100', '131102100400010000101', 'Perlu perbaikan: NIK dan tanggal lahir tidak cocok', '0000-00-00 00:00:00', NULL),
(201, 3, 1, '1311022004000401', '131102200400040100101', 'Sesuai Lapangan', '0000-00-00 00:00:00', NULL);

-- --------------------------------------------------------

--
-- Table structure for table `broadcasts`
--

CREATE TABLE `broadcasts` (
  `id` int(11) NOT NULL,
  `id_user` int(11) NOT NULL,
  `id_kegiatan` int(11) NOT NULL,
  `judul_broadcast` varchar(255) NOT NULL,
  `isi_broadcast` text NOT NULL,
  `date_create` datetime NOT NULL DEFAULT current_timestamp(),
  `date_deleted` datetime DEFAULT NULL
) ENGINE=InnoDB DEFAULT CHARSET=utf8mb4 COLLATE=utf8mb4_general_ci;

--
-- Dumping data for table `broadcasts`
--

INSERT INTO `broadcasts` (`id`, `id_user`, `id_kegiatan`, `judul_broadcast`, `isi_broadcast`, `date_create`, `date_deleted`) VALUES
(1, 1, 1, 'Pengumuman Update Fasih Engine', 'Assalamualaikum bapak/ibu semua, utk pekerjaan manen sawit menggunakan alat manual, itu statusnya tetap pekerja ya bapak ibu. jika majikannya tetap tp lebih dr 1, maka pekerjaa utama adalah di 1 majikan yang paling banyak jam kerja biasanya dalam seminggu, dilanjutkan tambahan utama majikan terbanyak selanjutnya.', '2025-11-13 20:41:37', NULL),
(2, 1, 1, 'Pengumuman Perbaikan Anomali', 'Assalamualaikum bapak/ibu semua, utk pekerjaan manen sawit menggunakan alat manual, itu statusnya tetap pekerja ya bapak ibu. jika majikannya tetap tp lebih dr 1, maka pekerjaa utama adalah di 1 majikan yang paling banyak jam kerja biasanya dalam seminggu, dilanjutkan tambahan utama majikan terbanyak selanjutnya.', '2025-11-13 20:41:37', NULL);

-- --------------------------------------------------------

--
-- Table structure for table `comics`
--

CREATE TABLE `comics` (
  `id` int(11) NOT NULL,
  `judul` varchar(255) NOT NULL,
  `slug` varchar(255) NOT NULL,
  `penulis` varchar(255) NOT NULL,
  `penerbit` varchar(255) NOT NULL,
  `sampul` varchar(255) NOT NULL,
  `created_at` datetime DEFAULT NULL,
  `updated_at` datetime NOT NULL
) ENGINE=InnoDB DEFAULT CHARSET=utf8mb4 COLLATE=utf8mb4_general_ci;

--
-- Dumping data for table `comics`
--

INSERT INTO `comics` (`id`, `judul`, `slug`, `penulis`, `penerbit`, `sampul`, `created_at`, `updated_at`) VALUES
(1, 'Naruto', 'naruto', 'Masashi Kishimoto', 'Shonen Jump', 'naruto.jpeg', NULL, '2025-10-29 11:49:58'),
(2, 'One Piece', 'one-piece', 'Eichiro Oda', 'Gramedia', 'onepiece.jpeg', NULL, '2025-10-29 11:49:58'),
(3, 'Eye Shield 21', 'eye-shield-21', 'Syafiq', 'Gramedia', '', '2025-10-29 13:04:39', '2025-11-11 14:37:09');

-- --------------------------------------------------------

--
-- Table structure for table `kategori_anomali`
--

CREATE TABLE `kategori_anomali` (
  `id` int(11) NOT NULL,
  `id_kegiatan` int(11) NOT NULL,
  `kode_anomali` varchar(20) NOT NULL,
  `definisi_anomali` text NOT NULL,
  `detil_anomali` text NOT NULL,
  `is_show` tinyint(1) NOT NULL,
  `date_created` datetime NOT NULL,
  `date_deleted` datetime DEFAULT NULL
) ENGINE=InnoDB DEFAULT CHARSET=utf8mb4 COLLATE=utf8mb4_general_ci;

--
-- Dumping data for table `kategori_anomali`
--

INSERT INTO `kategori_anomali` (`id`, `id_kegiatan`, `kode_anomali`, `definisi_anomali`, `detil_anomali`, `is_show`, `date_created`, `date_deleted`) VALUES
(1, 1, 'AN01', 'Cek konsistensi jenis kelamin Kepala Keluarga.', 'Jenis kelamin KK tidak sesuai dengan aturan sensus.', 1, '2025-11-05 13:04:39', NULL),
(2, 1, 'AN02', 'Verifikasi usia responden yang berusia di bawah 5 tahun.', 'Usia di bawah 5 tahun memiliki data pendidikan formal yang terisi.', 1, '2025-11-05 13:04:45', NULL),
(3, 1, 'AN03', 'Cek data pekerjaan untuk responden berusia di atas 70 tahun.', 'Responden lansia (>70) terdeteksi memiliki pekerjaan full-time.', 1, '2025-11-05 13:05:10', NULL),
(4, 1, 'AN04', 'Pemeriksaan status perkawinan responden di bawah 15 tahun.', 'Responden di bawah usia legal perkawinan terdeteksi menikah.', 0, '2025-11-05 13:05:30', NULL),
(5, 1, 'AN05', 'Cek kelengkapan data alamat dan kode pos.', 'Kolom kode pos kosong atau tidak valid.', 1, '2025-11-05 13:06:01', NULL),
(6, 1, 'AN06', 'Konsistensi hubungan dengan Kepala Keluarga (Hubungan Ganda).', 'Ditemukan lebih dari satu responden berstatus \"Istri\" dalam satu KK.', 1, '2025-11-05 13:06:22', NULL),
(7, 1, 'AN07', 'Verifikasi status disabilitas dan kemampuan bekerja.', 'Responden disabilitas berat terdeteksi bekerja di sektor formal.', 1, '2025-11-05 13:07:05', NULL),
(8, 1, 'AN08', 'Cek kesesuaian tingkat pendidikan dengan jenis pekerjaan.', 'Pendidikan SD memiliki pekerjaan sebagai Manajer/Profesional.', 0, '2025-11-05 13:07:40', NULL),
(9, 1, 'AN09', 'Pemeriksaan data migrasi (tempat lahir dan tempat tinggal saat ini).', 'Tempat lahir berada di luar negeri, tetapi tidak ada catatan migrasi.', 1, '2025-11-05 13:08:00', NULL),
(10, 1, 'AN10', 'Cek keberadaan NIK yang duplikat dalam wilayah sensus.', 'Nomor Induk Kependudukan (NIK) terdeteksi ganda.', 1, '2025-11-05 13:08:35', NULL),
(11, 1, 'AN11', 'Validasi tanggal lahir (usia lebih dari 100 tahun).', 'Responden berusia sangat lanjut (>100) memerlukan verifikasi data.', 1, '2025-11-05 13:09:12', NULL),
(12, 1, 'AN12', 'Pemeriksaan data kepemilikan aset (aset dan pendapatan tidak konsisten).', 'Pendapatan sangat rendah, namun memiliki aset properti mewah.', 0, '2025-11-05 13:09:40', NULL),
(13, 1, 'AN13', 'Cek konsistensi data kepemilikan lahan pertanian.', 'Lahan pertanian yang dicatat melebihi batas kepemilikan maksimum.', 1, '2025-11-05 13:10:05', NULL),
(14, 1, 'AN14', 'Verifikasi nomor telepon (terdapat format yang tidak baku).', 'Format nomor kontak responden tidak mengikuti standar nasional.', 1, '2025-11-05 13:10:30', NULL),
(15, 1, 'AN15', 'Cek kelengkapan kolom penghasilan per bulan (terdapat nilai 0).', 'Kolom penghasilan wajib terisi, namun bernilai nol (0).', 0, '2025-11-05 13:11:00', NULL),
(16, 1, 'AN16', 'Konsistensi status kepemilikan rumah (kontrak/milik sendiri).', 'Ditemukan status kepemilikan ganda atau tidak jelas.', 1, '2025-11-05 13:11:34', NULL),
(17, 1, 'AN17', 'Pemeriksaan kode wilayah (kecamatan dan desa tidak sesuai).', 'Kombinasi kode kecamatan dan desa tidak terdaftar.', 1, '2025-11-05 13:12:01', NULL),
(18, 1, 'AN18', 'Validasi data penggunaan air minum dan sanitasi.', 'Air minum dari PDAM, namun tidak memiliki fasilitas sanitasi yang layak.', 1, '2025-11-05 13:12:30', NULL),
(19, 1, 'AN19', 'Cek kelengkapan data vaksinasi pada anak-anak.', 'Anak usia sekolah tidak memiliki catatan vaksinasi dasar lengkap.', 0, '2025-11-05 13:13:00', NULL),
(20, 1, 'AN20', 'Pemeriksaan status kepemilikan hewan ternak (jumlah melebihi batas wajar).', 'Ditemukan jumlah ternak yang tidak realistis untuk ukuran rumah tangga biasa.', 1, '2025-11-05 13:13:30', NULL);

-- --------------------------------------------------------

--
-- Table structure for table `kegiatan`
--

CREATE TABLE `kegiatan` (
  `id` int(11) NOT NULL,
  `kode_kegiatan` varchar(255) NOT NULL,
  `nama_kegiatan` varchar(255) NOT NULL,
  `detil_kegiatan` varchar(255) NOT NULL,
  `date_created` datetime NOT NULL DEFAULT current_timestamp(),
  `date_deleted` datetime DEFAULT NULL,
  `priode_awal` datetime NOT NULL,
  `priode_akhir` datetime NOT NULL
) ENGINE=InnoDB DEFAULT CHARSET=utf8mb4 COLLATE=utf8mb4_general_ci;

--
-- Dumping data for table `kegiatan`
--

INSERT INTO `kegiatan` (`id`, `kode_kegiatan`, `nama_kegiatan`, `detil_kegiatan`, `date_created`, `date_deleted`, `priode_awal`, `priode_akhir`) VALUES
(1, 'SAK_NOV25', 'Sakernas November 2025', 'Survei Ketenagakerjaan Nasional November 2025', '2025-11-13 20:41:37', NULL, '2025-11-01 00:00:30', '2025-11-30 23:59:30'),
(2, 'SAK_AGU25', 'Sakernas Agustus 2025', 'Survei Ketenagakerjaan Nasional Agustus 2025', '2025-11-13 20:41:37', NULL, '2025-08-01 00:00:30', '2025-08-30 23:59:30');

-- --------------------------------------------------------

--
-- Table structure for table `rt_art`
--

CREATE TABLE `rt_art` (
  `id` varchar(24) NOT NULL,
  `id_wilayah` varchar(16) DEFAULT NULL,
  `id_kegiatan` int(11) NOT NULL,
  `kd_krt` varchar(3) NOT NULL,
  `kd_art` varchar(2) NOT NULL,
  `nm_krt` varchar(255) NOT NULL,
  `nm_art` varchar(255) NOT NULL,
  `id_bs` varchar(14) DEFAULT NULL
) ENGINE=InnoDB DEFAULT CHARSET=utf8mb4 COLLATE=utf8mb4_general_ci;

--
-- Dumping data for table `rt_art`
--

INSERT INTO `rt_art` (`id`, `id_wilayah`, `id_kegiatan`, `kd_krt`, `kd_art`, `nm_krt`, `nm_art`, `id_bs`) VALUES
('131101000500050100101', '1311010005000501', 1, '001', '01', 'Fajar', 'Fajar', ''),
('131101000500060100101', '1311010005000601', 1, '001', '01', 'Fani', 'Fani', ''),
('131101000500060200101', '1311010005000602', 1, '001', '01', 'Erna', 'Gagas', ''),
('131101000600010000101', '1311010006000100', 1, '001', '01', 'Kirana', 'Kirana', ''),
('131101000600040100101', '1311010006000401', 1, '001', '01', 'Kencana', 'Kencana', ''),
('131101000600040200101', '1311010006000402', 1, '001', '01', 'Hafiz', 'Hafiz', ''),
('131101000600060000101', '1311010006000600', 1, '001', '01', 'Juwita', 'Juwita', ''),
('131101000600090000101', '1311010006000900', 1, '001', '01', 'Fajar', 'Fajar', ''),
('131101000600120000101', '1311010006001200', 1, '001', '01', 'Kumala', 'Kumala', ''),
('131101000700030000101', '1311010007000300', 1, '001', '01', 'Erna', 'Erna', ''),
('131101000700060000101', '1311010007000600', 1, '001', '01', 'Winda', 'Winda', ''),
('131101000800030100101', '1311010008000301', 1, '001', '01', 'Usada', 'Usada', ''),
('131101000800050200101', '1311010008000502', 1, '001', '01', 'Yuda', 'Yuda', ''),
('131101000800070000101', '1311010008000700', 1, '001', '01', 'Farida', 'Farida', ''),
('131101000800130000101', '1311010008001300', 1, '001', '01', 'Anisa', 'Anisa', ''),
('131101000800150000101', '1311010008001500', 1, '001', '01', 'Permata', 'Permata', ''),
('131101100100030100101', '1311011001000301', 1, '001', '01', 'Wawan', 'Wawan', ''),
('131101100100030200101', '1311011001000302', 1, '001', '01', 'Arya', 'Arya', ''),
('131101100200020100101', '1311011002000201', 1, '001', '01', 'Usman', 'Usman', ''),
('131101100200030100101', '1311011002000301', 1, '001', '01', 'Gani', 'Gani', ''),
('131101100200040000101', '1311011002000400', 1, '001', '01', 'Hafiz', 'Hafiz', ''),
('131101100300010300101', '1311011003000103', 1, '001', '01', 'Maimunah', 'Maimunah', ''),
('131101100300040100101', '1311011003000401', 1, '001', '01', 'Melati', 'Melati', ''),
('131101100300040200101', '1311011003000402', 1, '001', '01', 'Gagas', 'Gagas', ''),
('131101100400010000101', '1311011004000100', 1, '001', '01', 'Mega', 'Mega', ''),
('131101100400030200101', '1311011004000302', 1, '001', '01', 'Saiful', 'Saiful', ''),
('131101100500020200101', '1311011005000202', 1, '001', '01', 'Wahyu', 'Wahyu', ''),
('131101100600020300101', '1311011006000203', 1, '001', '01', 'Akbar', 'Akbar', ''),
('131101100600050100101', '1311011006000501', 1, '001', '01', 'Kirana', 'Kirana', ''),
('131101100700020100101', '1311011007000201', 1, '001', '01', 'Septi', 'Septi', ''),
('131101100700050100101', '1311011007000501', 1, '001', '01', 'Riska', 'Riska', ''),
('131101100700050200101', '1311011007000502', 1, '001', '01', 'Sinta', 'Sinta', ''),
('131101100700060200101', '1311011007000602', 1, '001', '01', 'Sinta', 'Sinta', ''),
('131101100700070100101', '1311011007000701', 1, '001', '01', 'Jamal', 'Jamal', ''),
('131101200100020000101', '1311012001000200', 1, '001', '01', 'Lintang', 'Lintang', ''),
('131101200200030000101', '1311012002000300', 1, '001', '01', 'Hilda', 'Hilda', ''),
('131101200200040200101', '1311012002000402', 1, '001', '01', 'Winda', 'Winda', ''),
('131101200300010000101', '1311012003000100', 1, '001', '01', 'Lutfi', 'Lutfi', ''),
('131101200300040000101', '1311012003000400', 1, '001', '01', 'Yani', 'Yani', ''),
('131101200400010100101', '1311012004000101', 1, '001', '01', 'Murni', 'Murni', ''),
('131101200400010200101', '1311012004000102', 1, '001', '01', 'Rendi', 'Rendi', ''),
('131101200400020000101', '1311012004000200', 1, '001', '01', 'Intan', 'Intan', ''),
('131101200400030000101', '1311012004000300', 1, '001', '01', 'Pratiwi', 'Pratiwi', ''),
('131101200400040100101', '1311012004000401', 1, '001', '01', 'Candra', 'Candra', ''),
('131102000100010000101', '1311020001000100', 1, '001', '01', 'Permata', 'Permata', ''),
('131102000100020000101', '1311020001000200', 1, '001', '01', 'Juni', 'Juni', ''),
('131102000100040000101', '1311020001000400', 1, '001', '01', 'Restu', 'Restu', ''),
('131102000100070000101', '1311020001000700', 1, '001', '01', 'Gede', 'Gede', ''),
('131102000100080200101', '1311020001000802', 1, '001', '01', 'Erlin', 'Erlin', ''),
('131102000300030100101', '1311020003000301', 1, '001', '01', 'Juwita', 'Juwita', ''),
('131102000300050100101', '1311020003000501', 1, '001', '01', 'Eka', 'Eka', ''),
('131102000300090000101', '1311020003000900', 1, '001', '01', 'Udin', 'Udin', ''),
('131102000300150200101', '1311020003001502', 1, '001', '01', 'Alif', 'Alif', ''),
('131102000300160000101', '1311020003001600', 1, '001', '01', 'Wawan', 'Wawan', ''),
('131102000300170000101', '1311020003001700', 1, '001', '01', 'Taufik', 'Taufik', ''),
('131102000300180000101', '1311020003001800', 1, '001', '01', 'Mukti', 'Mukti', ''),
('131102000300200200101', '1311020003002002', 1, '001', '01', 'Sofyan', 'Sofyan', ''),
('131102000300210200101', '1311020003002102', 1, '001', '01', 'Agung', 'Agung', ''),
('131102000300220200101', '1311020003002202', 1, '001', '01', 'Kahfi', 'Kahfi', ''),
('131102000500010000101', '1311020005000100', 1, '001', '01', 'Kania', 'Kania', ''),
('131102000500050100101', '1311020005000501', 1, '001', '01', 'Cipta', 'Cipta', ''),
('131102000500060000101', '1311020005000600', 1, '001', '01', 'Mia', 'Mia', ''),
('131102000500150000101', '1311020005001500', 1, '001', '01', 'Kartika', 'Kartika', ''),
('131102000500240000101', '1311020005002400', 1, '001', '01', 'Ningsih', 'Ningsih', ''),
('131102000500250000101', '1311020005002500', 1, '001', '01', 'Galih', 'Galih', ''),
('131102000500260000101', '1311020005002600', 1, '001', '01', 'Pratiwi', 'Pratiwi', ''),
('131102000800010200101', '1311020008000102', 1, '001', '01', 'Taufik', 'Taufik', ''),
('131102000800020000101', '1311020008000200', 1, '001', '01', 'Fahmi', 'Fahmi', ''),
('131102000800040000101', '1311020008000400', 1, '001', '01', 'Lintang', 'Lintang', ''),
('131102000800070400101', '1311020008000704', 1, '001', '01', 'Gani', 'Gani', ''),
('131102000800080000101', '1311020008000800', 1, '001', '01', 'Yuli', 'Yuli', ''),
('131102000800090100101', '1311020008000901', 1, '001', '01', 'Karim', 'Karim', ''),
('131102000800100000101', '1311020008001000', 1, '001', '01', 'Najwa', 'Najwa', ''),
('131102100100070000101', '1311021001000700', 1, '001', '01', 'Kencana', 'Kencana', ''),
('131102100100090000101', '1311021001000900', 1, '001', '01', 'Ratih', 'Ratih', ''),
('131102100200010000101', '1311021002000100', 1, '001', '01', 'Kusuma', 'Kusuma', ''),
('131102100200040100101', '1311021002000401', 1, '001', '01', 'Lusia', 'Lusia', ''),
('131102100200040200101', '1311021002000402', 1, '001', '01', 'Maya', 'Maya', ''),
('131102100200060000101', '1311021002000600', 1, '001', '01', 'Mita', 'Mita', ''),
('131102100200080000101', '1311021002000800', 1, '001', '01', 'Dinda', 'Dinda', ''),
('131102100300010200101', '1311021003000102', 1, '001', '01', 'Panji', 'Panji', ''),
('131102100300040200101', '1311021003000402', 1, '001', '01', 'Gede', 'Gede', ''),
('131102100300050000101', '1311021003000500', 1, '001', '01', 'Juni', 'Juni', ''),
('131102100400010000101', '1311021004000100', 1, '001', '01', 'Arya', 'Arya', ''),
('131102100400090000101', '1311021004000900', 1, '001', '01', 'Wawan', 'Wawan', ''),
('131102200100010000101', '1311022001000100', 1, '001', '01', 'Ika', 'Ika', ''),
('131102200200010000101', '1311022002000100', 1, '001', '01', 'Ika', 'Ika', ''),
('131102200200030100101', '1311022002000301', 1, '001', '01', 'Krisna', 'Krisna', ''),
('131102200300010000101', '1311022003000100', 1, '001', '01', 'Nadia', 'Nadia', ''),
('131102200300050200101', '1311022003000502', 1, '001', '01', 'Intan', 'Intan', ''),
('131102200400010000101', '1311022004000100', 1, '001', '01', 'Eni', 'Eni', ''),
('131102200400040100101', '1311022004000401', 1, '001', '01', 'Nadia', 'Nadia', ''),
('131102200400060100101', '1311022004000601', 1, '001', '01', 'Widodo', 'Widodo', ''),
('131102300100010000101', '1311023001000100', 1, '001', '01', 'Karim', 'Karim', ''),
('131102300300030000101', '1311023003000300', 1, '001', '01', 'Laila', 'Laila', ''),
('131102300400020200101', '1311023004000202', 1, '001', '01', 'Wati', 'Wati', ''),
('131102300400030000101', '1311023004000300', 1, '001', '01', 'Panji', 'Panji', ''),
('131102300400040100101', '1311023004000401', 1, '001', '01', 'Ratna', 'Ratna', ''),
('131103000100020100101', '1311030001000201', 1, '001', '01', 'Zaki', 'Zaki', ''),
('131103000100040200101', '1311030001000402', 1, '001', '01', 'Usman', 'Usman', ''),
('131103000100090000101', '1311030001000900', 1, '001', '01', 'Rendi', 'Rendi', ''),
('131103000100120100101', '1311030001001201', 1, '001', '01', 'Firman', 'Firman', ''),
('131103000100120200101', '1311030001001202', 1, '001', '01', 'Sari', 'Sari', ''),
('131103000100120300101', '1311030001001203', 1, '001', '01', 'Rio', 'Rio', ''),
('131103000100130100101', '1311030001001301', 1, '001', '01', 'Mada', 'Mada', ''),
('131103000200030000101', '1311030002000300', 1, '001', '01', 'Vina', 'Vina', ''),
('131103000200060000101', '1311030002000600', 1, '001', '01', 'Eni', 'Eni', ''),
('131103000200090000101', '1311030002000900', 1, '001', '01', 'Kholid', 'Kholid', ''),
('131103000200100000101', '1311030002001000', 1, '001', '01', 'Wawan', 'Wawan', ''),
('131103000200150000101', '1311030002001500', 1, '001', '01', 'Wira', 'Wira', ''),
('131103000400010000101', '1311030004000100', 1, '001', '01', 'Nur', 'Nur', ''),
('131103000400020000101', '1311030004000200', 1, '001', '01', 'Lutfi', 'Lutfi', ''),
('131103000400030200101', '1311030004000302', 1, '001', '01', 'Langit', 'Langit', ''),
('131103000400060200101', '1311030004000602', 1, '001', '01', 'Eni', 'Eni', ''),
('131103000400070100101', '1311030004000701', 1, '001', '01', 'Sita', 'Sita', ''),
('131103000400070300101', '1311030004000703', 1, '001', '01', 'Dinda', 'Dinda', ''),
('131103000400080200101', '1311030004000802', 1, '001', '01', 'Galih', 'Galih', ''),
('131103000500040100101', '1311030005000401', 1, '001', '01', 'Lestari', 'Lestari', ''),
('131103000500050200101', '1311030005000502', 1, '001', '01', 'Budi', 'Budi', ''),
('131103000500080100101', '1311030005000801', 1, '001', '01', 'Kasti', 'Kasti', ''),
('131103000500080200101', '1311030005000802', 1, '001', '01', 'Lisa', 'Lisa', ''),
('131103000500090100101', '1311030005000901', 1, '001', '01', 'Pramono', 'Pramono', ''),
('131103000500110100101', '1311030005001101', 1, '001', '01', 'Murni', 'Murni', ''),
('131103000500140100101', '1311030005001401', 1, '001', '01', 'Langit', 'Langit', ''),
('131103000500150100101', '1311030005001501', 1, '001', '01', 'Murni', 'Murni', ''),
('131103100100030200101', '1311031001000302', 1, '001', '01', 'Pramono', 'Pramono', ''),
('131103100100040100101', '1311031001000401', 1, '001', '01', 'Siti', 'Siti', ''),
('131103100100050000101', '1311031001000500', 1, '001', '01', 'Nisa', 'Nisa', ''),
('131103100200080200101', '1311031002000802', 1, '001', '01', 'Panji', 'Panji', ''),
('131103100300010000101', '1311031003000100', 1, '001', '01', 'Hafiz', 'Hafiz', ''),
('131103100400010200101', '1311031004000102', 1, '001', '01', 'Gede', 'Gede', ''),
('131103100400080100101', '1311031004000801', 1, '001', '01', 'Maharani', 'Maharani', ''),
('131103100400090200101', '1311031004000902', 1, '001', '01', 'Panji', 'Panji', ''),
('131103100400100200101', '1311031004001002', 1, '001', '01', 'Cahya', 'Cahya', ''),
('131104000300020100101', '1311040003000201', 1, '001', '01', 'Akbar', 'Akbar', ''),
('131104000300040200101', '1311040003000402', 1, '001', '01', 'Sinta', 'Sinta', ''),
('131104000300050600101', '1311040003000506', 1, '001', '01', 'Pramono', 'Pramono', ''),
('131104000300060100101', '1311040003000601', 1, '001', '01', 'Lusia', 'Lusia', ''),
('131104000300070100101', '1311040003000701', 1, '001', '01', 'Pramono', 'Pramono', ''),
('131104000300080100101', '1311040003000801', 1, '001', '01', 'Nabila', 'Nabila', ''),
('131104000300080200101', '1311040003000802', 1, '001', '01', 'Putri', 'Putri', ''),
('131104000300090100101', '1311040003000901', 1, '001', '01', 'Nabila', 'Nabila', ''),
('131104000300090200101', '1311040003000902', 1, '001', '01', 'Jabar', 'Jabar', ''),
('131104000300110100101', '1311040003001101', 1, '001', '01', 'Bachtiar', 'Bachtiar', ''),
('131104000400060100101', '1311040004000601', 1, '001', '01', 'Zulfa', 'Zulfa', ''),
('131104000500050100101', '1311040005000501', 1, '001', '01', 'Julian', 'Julian', ''),
('131104000500070000101', '1311040005000700', 1, '001', '01', 'Melati', 'Melati', ''),
('131104000600040200101', '1311040006000402', 1, '001', '01', 'Wati', 'Wati', ''),
('131104000600070100101', '1311040006000701', 1, '001', '01', 'Made', 'Made', ''),
('131104000600070300101', '1311040006000703', 1, '001', '01', 'Erlin', 'Erlin', ''),
('131104000600080200101', '1311040006000802', 1, '001', '01', 'Hamid', 'Hamid', ''),
('131104000600140000101', '1311040006001400', 1, '001', '01', 'Hamid', 'Hamid', ''),
('131104000700040200101', '1311040007000402', 1, '001', '01', 'Citra', 'Citra', ''),
('131104000700060000101', '1311040007000600', 1, '001', '01', 'Juni', 'Juni', ''),
('131104000700080100101', '1311040007000801', 1, '001', '01', 'Krisna', 'Krisna', ''),
('131104000800020200101', '1311040008000202', 1, '001', '01', 'Melati', 'Melati', ''),
('131104000800040200101', '1311040008000402', 1, '001', '01', 'Aji', 'Aji', ''),
('131104000800050300101', '1311040008000503', 1, '001', '01', 'Laras', 'Laras', ''),
('131104000800060100101', '1311040008000601', 1, '001', '01', 'Nadia', 'Nadia', ''),
('131104000800070100101', '1311040008000701', 1, '001', '01', 'Dewi', 'Dewi', ''),
('131104000800080100101', '1311040008000801', 1, '001', '01', 'Cahya', 'Cahya', ''),
('131104000800080200101', '1311040008000802', 1, '001', '01', 'Urip', 'Urip', ''),
('131104000800090100101', '1311040008000901', 1, '001', '01', 'Cahya', 'Cahya', ''),
('131104100100060000101', '1311041001000600', 1, '001', '01', 'Haris', 'Haris', ''),
('131104100100120000101', '1311041001001200', 1, '001', '01', 'Halim', 'Halim', ''),
('131104100300010100101', '1311041003000101', 1, '001', '01', 'Siti', 'Siti', ''),
('131104100300010200101', '1311041003000102', 1, '001', '01', 'Risa', 'Risa', ''),
('131104100400010100101', '1311041004000101', 1, '001', '01', 'Yuni', 'Yuni', ''),
('131104100400010200101', '1311041004000102', 1, '001', '01', 'Raden', 'Raden', ''),
('131104100400040000101', '1311041004000400', 1, '001', '01', 'Laras', 'Laras', ''),
('﻿131101000500030100101', '1311010005000301', 1, '001', '01', 'Ningsih', 'Ningsih', '');

-- --------------------------------------------------------

--
-- Table structure for table `users`
--

CREATE TABLE `users` (
  `id` int(11) NOT NULL,
  `nama` varchar(255) NOT NULL,
  `nick_name` varchar(255) NOT NULL,
  `role` varchar(255) NOT NULL,
  `level_akun` varchar(255) NOT NULL
) ENGINE=InnoDB DEFAULT CHARSET=utf8mb4 COLLATE=utf8mb4_general_ci;

--
-- Dumping data for table `users`
--

INSERT INTO `users` (`id`, `nama`, `nick_name`, `role`, `level_akun`) VALUES
(1, 'syafiq hidayat', 'syafiq', 'admin', 'provinsi');

-- --------------------------------------------------------

--
-- Table structure for table `wilayah`
--

CREATE TABLE `wilayah` (
  `id` varchar(16) NOT NULL,
  `kd_prov` varchar(2) NOT NULL,
  `kd_kab` varchar(2) NOT NULL,
  `kd_kec` varchar(3) NOT NULL,
  `kd_des` varchar(3) NOT NULL,
  `kd_sls` varchar(4) NOT NULL,
  `kd_subsls` varchar(2) NOT NULL,
  `kd_bs` varchar(4) NOT NULL,
  `nm_prov` varchar(255) NOT NULL,
  `nm_kab` varchar(255) NOT NULL,
  `nm_kec` varchar(255) NOT NULL,
  `nm_des` varchar(255) NOT NULL,
  `nm_sls` varchar(255) NOT NULL
) ENGINE=InnoDB DEFAULT CHARSET=utf8mb4 COLLATE=utf8mb4_general_ci;

--
-- Dumping data for table `wilayah`
--

INSERT INTO `wilayah` (`id`, `kd_prov`, `kd_kab`, `kd_kec`, `kd_des`, `kd_sls`, `kd_subsls`, `kd_bs`, `nm_prov`, `nm_kab`, `nm_kec`, `nm_des`, `nm_sls`) VALUES
('1311010005000101', '13', '11', '010', '005', '0001', '01', '', 'SUMATERA BARAT', 'DHARMASRAYA', 'SUNGAI RUMBAI', 'SUNGAI RUMBAI', 'JORONG BALAI TANGAH'),
('1311010005000102', '13', '11', '010', '005', '0001', '02', '', 'SUMATERA BARAT', 'DHARMASRAYA', 'SUNGAI RUMBAI', 'SUNGAI RUMBAI', 'JORONG BALAI TANGAH'),
('1311010005000103', '13', '11', '010', '005', '0001', '03', '', 'SUMATERA BARAT', 'DHARMASRAYA', 'SUNGAI RUMBAI', 'SUNGAI RUMBAI', 'JORONG BALAI TANGAH'),
('1311010005000201', '13', '11', '010', '005', '0002', '01', '', 'SUMATERA BARAT', 'DHARMASRAYA', 'SUNGAI RUMBAI', 'SUNGAI RUMBAI', 'JORONG TANAH ABANG'),
('1311010005000202', '13', '11', '010', '005', '0002', '02', '', 'SUMATERA BARAT', 'DHARMASRAYA', 'SUNGAI RUMBAI', 'SUNGAI RUMBAI', 'JORONG TANAH ABANG'),
('1311010005000301', '13', '11', '010', '005', '0003', '01', '', 'SUMATERA BARAT', 'DHARMASRAYA', 'SUNGAI RUMBAI', 'SUNGAI RUMBAI', 'JORONG SUNGAI KEMUNING'),
('1311010005000302', '13', '11', '010', '005', '0003', '02', '', 'SUMATERA BARAT', 'DHARMASRAYA', 'SUNGAI RUMBAI', 'SUNGAI RUMBAI', 'JORONG SUNGAI KEMUNING'),
('1311010005000401', '13', '11', '010', '005', '0004', '01', '', 'SUMATERA BARAT', 'DHARMASRAYA', 'SUNGAI RUMBAI', 'SUNGAI RUMBAI', 'JORONG SUNGAI BAYE'),
('1311010005000402', '13', '11', '010', '005', '0004', '02', '', 'SUMATERA BARAT', 'DHARMASRAYA', 'SUNGAI RUMBAI', 'SUNGAI RUMBAI', 'JORONG SUNGAI BAYE'),
('1311010005000501', '13', '11', '010', '005', '0005', '01', '', 'SUMATERA BARAT', 'DHARMASRAYA', 'SUNGAI RUMBAI', 'SUNGAI RUMBAI', 'JORONG SAKATO'),
('1311010005000502', '13', '11', '010', '005', '0005', '02', '', 'SUMATERA BARAT', 'DHARMASRAYA', 'SUNGAI RUMBAI', 'SUNGAI RUMBAI', 'JORONG SAKATO'),
('1311010005000601', '13', '11', '010', '005', '0006', '01', '', 'SUMATERA BARAT', 'DHARMASRAYA', 'SUNGAI RUMBAI', 'SUNGAI RUMBAI', 'JORONG TARANDAM'),
('1311010005000602', '13', '11', '010', '005', '0006', '02', '', 'SUMATERA BARAT', 'DHARMASRAYA', 'SUNGAI RUMBAI', 'SUNGAI RUMBAI', 'JORONG TARANDAM'),
('1311010005000701', '13', '11', '010', '005', '0007', '01', '', 'SUMATERA BARAT', 'DHARMASRAYA', 'SUNGAI RUMBAI', 'SUNGAI RUMBAI', 'JORONG TALAGO PERMAI'),
('1311010005000702', '13', '11', '010', '005', '0007', '02', '', 'SUMATERA BARAT', 'DHARMASRAYA', 'SUNGAI RUMBAI', 'SUNGAI RUMBAI', 'JORONG TALAGO PERMAI'),
('1311010005000801', '13', '11', '010', '005', '0008', '01', '', 'SUMATERA BARAT', 'DHARMASRAYA', 'SUNGAI RUMBAI', 'SUNGAI RUMBAI', 'JORONG PASAR BARU'),
('1311010005000802', '13', '11', '010', '005', '0008', '02', '', 'SUMATERA BARAT', 'DHARMASRAYA', 'SUNGAI RUMBAI', 'SUNGAI RUMBAI', 'JORONG PASAR BARU'),
('1311010005000803', '13', '11', '010', '005', '0008', '03', '', 'SUMATERA BARAT', 'DHARMASRAYA', 'SUNGAI RUMBAI', 'SUNGAI RUMBAI', 'JORONG PASAR BARU'),
('1311010005000804', '13', '11', '010', '005', '0008', '04', '', 'SUMATERA BARAT', 'DHARMASRAYA', 'SUNGAI RUMBAI', 'SUNGAI RUMBAI', 'JORONG PASAR BARU'),
('1311010006000100', '13', '11', '010', '006', '0001', '00', '', 'SUMATERA BARAT', 'DHARMASRAYA', 'SUNGAI RUMBAI', 'KURNIA KOTO SALAK', 'JORONG RAHMAT'),
('1311010006000200', '13', '11', '010', '006', '0002', '00', '', 'SUMATERA BARAT', 'DHARMASRAYA', 'SUNGAI RUMBAI', 'KURNIA KOTO SALAK', 'JORONG TAUFIK'),
('1311010006000300', '13', '11', '010', '006', '0003', '00', '', 'SUMATERA BARAT', 'DHARMASRAYA', 'SUNGAI RUMBAI', 'KURNIA KOTO SALAK', 'JORONG HIDAYAH'),
('1311010006000401', '13', '11', '010', '006', '0004', '01', '', 'SUMATERA BARAT', 'DHARMASRAYA', 'SUNGAI RUMBAI', 'KURNIA KOTO SALAK', 'JORONG KOTO INDAH'),
('1311010006000402', '13', '11', '010', '006', '0004', '02', '', 'SUMATERA BARAT', 'DHARMASRAYA', 'SUNGAI RUMBAI', 'KURNIA KOTO SALAK', 'JORONG KOTO INDAH'),
('1311010006000500', '13', '11', '010', '006', '0005', '00', '', 'SUMATERA BARAT', 'DHARMASRAYA', 'SUNGAI RUMBAI', 'KURNIA KOTO SALAK', 'JORONG IRADAT'),
('1311010006000600', '13', '11', '010', '006', '0006', '00', '', 'SUMATERA BARAT', 'DHARMASRAYA', 'SUNGAI RUMBAI', 'KURNIA KOTO SALAK', 'JORONG INAYAH'),
('1311010006000700', '13', '11', '010', '006', '0007', '00', '', 'SUMATERA BARAT', 'DHARMASRAYA', 'SUNGAI RUMBAI', 'KURNIA KOTO SALAK', 'JORONG TAWAKAL'),
('1311010006000800', '13', '11', '010', '006', '0008', '00', '', 'SUMATERA BARAT', 'DHARMASRAYA', 'SUNGAI RUMBAI', 'KURNIA KOTO SALAK', 'JORONG KHASANAH'),
('1311010006000900', '13', '11', '010', '006', '0009', '00', '', 'SUMATERA BARAT', 'DHARMASRAYA', 'SUNGAI RUMBAI', 'KURNIA KOTO SALAK', 'JORONG RANAH PANJANG'),
('1311010006001000', '13', '11', '010', '006', '0010', '00', '', 'SUMATERA BARAT', 'DHARMASRAYA', 'SUNGAI RUMBAI', 'KURNIA KOTO SALAK', 'JORONG IKHLAS'),
('1311010006001100', '13', '11', '010', '006', '0011', '00', '', 'SUMATERA BARAT', 'DHARMASRAYA', 'SUNGAI RUMBAI', 'KURNIA KOTO SALAK', 'JORONG KOTO TANGAH'),
('1311010006001200', '13', '11', '010', '006', '0012', '00', '', 'SUMATERA BARAT', 'DHARMASRAYA', 'SUNGAI RUMBAI', 'KURNIA KOTO SALAK', 'JORONG TAWAKAL BARU'),
('1311010006001300', '13', '11', '010', '006', '0013', '00', '', 'SUMATERA BARAT', 'DHARMASRAYA', 'SUNGAI RUMBAI', 'KURNIA KOTO SALAK', 'JORONG AMANAH'),
('1311010007000101', '13', '11', '010', '007', '0001', '01', '', 'SUMATERA BARAT', 'DHARMASRAYA', 'SUNGAI RUMBAI', 'SUNGAI RUMBAI TIMUR', 'JORONG KAMPUNG BARU'),
('1311010007000102', '13', '11', '010', '007', '0001', '02', '', 'SUMATERA BARAT', 'DHARMASRAYA', 'SUNGAI RUMBAI', 'SUNGAI RUMBAI TIMUR', 'JORONG KAMPUNG BARU'),
('1311010007000201', '13', '11', '010', '007', '0002', '01', '', 'SUMATERA BARAT', 'DHARMASRAYA', 'SUNGAI RUMBAI', 'SUNGAI RUMBAI TIMUR', 'JORONG BUKIT BERBUNGA'),
('1311010007000202', '13', '11', '010', '007', '0002', '02', '', 'SUMATERA BARAT', 'DHARMASRAYA', 'SUNGAI RUMBAI', 'SUNGAI RUMBAI TIMUR', 'JORONG BUKIT BERBUNGA'),
('1311010007000300', '13', '11', '010', '007', '0003', '00', '', 'SUMATERA BARAT', 'DHARMASRAYA', 'SUNGAI RUMBAI', 'SUNGAI RUMBAI TIMUR', 'JORONG PASA PAGI'),
('1311010007000401', '13', '11', '010', '007', '0004', '01', '', 'SUMATERA BARAT', 'DHARMASRAYA', 'SUNGAI RUMBAI', 'SUNGAI RUMBAI TIMUR', 'JORONG BALAI TIMUR'),
('1311010007000402', '13', '11', '010', '007', '0004', '02', '', 'SUMATERA BARAT', 'DHARMASRAYA', 'SUNGAI RUMBAI', 'SUNGAI RUMBAI TIMUR', 'JORONG BALAI TIMUR'),
('1311010007000501', '13', '11', '010', '007', '0005', '01', '', 'SUMATERA BARAT', 'DHARMASRAYA', 'SUNGAI RUMBAI', 'SUNGAI RUMBAI TIMUR', 'JORONG KAMBANG BARU'),
('1311010007000502', '13', '11', '010', '007', '0005', '02', '', 'SUMATERA BARAT', 'DHARMASRAYA', 'SUNGAI RUMBAI', 'SUNGAI RUMBAI TIMUR', 'JORONG KAMBANG BARU'),
('1311010007000600', '13', '11', '010', '007', '0006', '00', '', 'SUMATERA BARAT', 'DHARMASRAYA', 'SUNGAI RUMBAI', 'SUNGAI RUMBAI TIMUR', 'JORONG UJUNG KOTO'),
('1311010008000101', '13', '11', '010', '008', '0001', '01', '', 'SUMATERA BARAT', 'DHARMASRAYA', 'SUNGAI RUMBAI', 'KURNIA SELATAN', 'JORONG KOTO MULIA'),
('1311010008000102', '13', '11', '010', '008', '0001', '02', '', 'SUMATERA BARAT', 'DHARMASRAYA', 'SUNGAI RUMBAI', 'KURNIA SELATAN', 'JORONG KOTO MULIA'),
('1311010008000201', '13', '11', '010', '008', '0002', '01', '', 'SUMATERA BARAT', 'DHARMASRAYA', 'SUNGAI RUMBAI', 'KURNIA SELATAN', 'JORONG MULIA BAKTI'),
('1311010008000202', '13', '11', '010', '008', '0002', '02', '', 'SUMATERA BARAT', 'DHARMASRAYA', 'SUNGAI RUMBAI', 'KURNIA SELATAN', 'JORONG MULIA BAKTI'),
('1311010008000301', '13', '11', '010', '008', '0003', '01', '', 'SUMATERA BARAT', 'DHARMASRAYA', 'SUNGAI RUMBAI', 'KURNIA SELATAN', 'JORONG KOTO BAKTI'),
('1311010008000302', '13', '11', '010', '008', '0003', '02', '', 'SUMATERA BARAT', 'DHARMASRAYA', 'SUNGAI RUMBAI', 'KURNIA SELATAN', 'JORONG KOTO BAKTI'),
('1311010008000400', '13', '11', '010', '008', '0004', '00', '', 'SUMATERA BARAT', 'DHARMASRAYA', 'SUNGAI RUMBAI', 'KURNIA SELATAN', 'JORONG BAKTI MAKARYO'),
('1311010008000501', '13', '11', '010', '008', '0005', '01', '', 'SUMATERA BARAT', 'DHARMASRAYA', 'SUNGAI RUMBAI', 'KURNIA SELATAN', 'JORONG KOTO RANAH'),
('1311010008000502', '13', '11', '010', '008', '0005', '02', '', 'SUMATERA BARAT', 'DHARMASRAYA', 'SUNGAI RUMBAI', 'KURNIA SELATAN', 'JORONG KOTO RANAH'),
('1311010008000601', '13', '11', '010', '008', '0006', '01', '', 'SUMATERA BARAT', 'DHARMASRAYA', 'SUNGAI RUMBAI', 'KURNIA SELATAN', 'JORONG KOTO RANAH BARU'),
('1311010008000602', '13', '11', '010', '008', '0006', '02', '', 'SUMATERA BARAT', 'DHARMASRAYA', 'SUNGAI RUMBAI', 'KURNIA SELATAN', 'JORONG KOTO RANAH BARU'),
('1311010008000700', '13', '11', '010', '008', '0007', '00', '', 'SUMATERA BARAT', 'DHARMASRAYA', 'SUNGAI RUMBAI', 'KURNIA SELATAN', 'JORONG KOTO MUDIK'),
('1311010008000801', '13', '11', '010', '008', '0008', '01', '', 'SUMATERA BARAT', 'DHARMASRAYA', 'SUNGAI RUMBAI', 'KURNIA SELATAN', 'JORONG KOTO MUDIK BARU'),
('1311010008000802', '13', '11', '010', '008', '0008', '02', '', 'SUMATERA BARAT', 'DHARMASRAYA', 'SUNGAI RUMBAI', 'KURNIA SELATAN', 'JORONG KOTO MUDIK BARU'),
('1311010008000901', '13', '11', '010', '008', '0009', '01', '', 'SUMATERA BARAT', 'DHARMASRAYA', 'SUNGAI RUMBAI', 'KURNIA SELATAN', 'JORONG CAHAYA KOTO'),
('1311010008000902', '13', '11', '010', '008', '0009', '02', '', 'SUMATERA BARAT', 'DHARMASRAYA', 'SUNGAI RUMBAI', 'KURNIA SELATAN', 'JORONG CAHAYA KOTO'),
('1311010008001000', '13', '11', '010', '008', '0010', '00', '', 'SUMATERA BARAT', 'DHARMASRAYA', 'SUNGAI RUMBAI', 'KURNIA SELATAN', 'JORONG CAHAYA MURNI'),
('1311010008001100', '13', '11', '010', '008', '0011', '00', '', 'SUMATERA BARAT', 'DHARMASRAYA', 'SUNGAI RUMBAI', 'KURNIA SELATAN', 'JORONG RANAH MINANG'),
('1311010008001200', '13', '11', '010', '008', '0012', '00', '', 'SUMATERA BARAT', 'DHARMASRAYA', 'SUNGAI RUMBAI', 'KURNIA SELATAN', 'JORONG RANAH TALAGO'),
('1311010008001300', '13', '11', '010', '008', '0013', '00', '', 'SUMATERA BARAT', 'DHARMASRAYA', 'SUNGAI RUMBAI', 'KURNIA SELATAN', 'JORONG LARAS MINANG'),
('1311010008001400', '13', '11', '010', '008', '0014', '00', '', 'SUMATERA BARAT', 'DHARMASRAYA', 'SUNGAI RUMBAI', 'KURNIA SELATAN', 'JORONG LARAS MUDA'),
('1311010008001500', '13', '11', '010', '008', '0015', '00', '', 'SUMATERA BARAT', 'DHARMASRAYA', 'SUNGAI RUMBAI', 'KURNIA SELATAN', 'JORONG BATAS MINANG'),
('1311010008001600', '13', '11', '010', '008', '0016', '00', '', 'SUMATERA BARAT', 'DHARMASRAYA', 'SUNGAI RUMBAI', 'KURNIA SELATAN', 'JORONG BATAS BARU'),
('1311011001000101', '13', '11', '011', '001', '0001', '01', '', 'SUMATERA BARAT', 'DHARMASRAYA', 'KOTO BESAR', 'KOTO GADANG', 'JORONG RANAH MULIA'),
('1311011001000102', '13', '11', '011', '001', '0001', '02', '', 'SUMATERA BARAT', 'DHARMASRAYA', 'KOTO BESAR', 'KOTO GADANG', 'JORONG RANAH MULIA'),
('1311011001000103', '13', '11', '011', '001', '0001', '03', '', 'SUMATERA BARAT', 'DHARMASRAYA', 'KOTO BESAR', 'KOTO GADANG', 'JORONG RANAH MULIA'),
('1311011001000201', '13', '11', '011', '001', '0002', '01', '', 'SUMATERA BARAT', 'DHARMASRAYA', 'KOTO BESAR', 'KOTO GADANG', 'JORONG RANAH JAYA'),
('1311011001000202', '13', '11', '011', '001', '0002', '02', '', 'SUMATERA BARAT', 'DHARMASRAYA', 'KOTO BESAR', 'KOTO GADANG', 'JORONG RANAH JAYA'),
('1311011001000301', '13', '11', '011', '001', '0003', '01', '', 'SUMATERA BARAT', 'DHARMASRAYA', 'KOTO BESAR', 'KOTO GADANG', 'JORONG RANAH MAKMUR'),
('1311011001000302', '13', '11', '011', '001', '0003', '02', '', 'SUMATERA BARAT', 'DHARMASRAYA', 'KOTO BESAR', 'KOTO GADANG', 'JORONG RANAH MAKMUR'),
('1311011001000401', '13', '11', '011', '001', '0004', '01', '', 'SUMATERA BARAT', 'DHARMASRAYA', 'KOTO BESAR', 'KOTO GADANG', 'JORONG MAYANG TAURAI'),
('1311011001000402', '13', '11', '011', '001', '0004', '02', '', 'SUMATERA BARAT', 'DHARMASRAYA', 'KOTO BESAR', 'KOTO GADANG', 'JORONG MAYANG TAURAI'),
('1311011001000501', '13', '11', '011', '001', '0005', '01', '', 'SUMATERA BARAT', 'DHARMASRAYA', 'KOTO BESAR', 'KOTO GADANG', 'JORONG RANAH BAKTI'),
('1311011001000502', '13', '11', '011', '001', '0005', '02', '', 'SUMATERA BARAT', 'DHARMASRAYA', 'KOTO BESAR', 'KOTO GADANG', 'JORONG RANAH BAKTI'),
('1311011001000503', '13', '11', '011', '001', '0005', '03', '', 'SUMATERA BARAT', 'DHARMASRAYA', 'KOTO BESAR', 'KOTO GADANG', 'JORONG RANAH BAKTI'),
('1311011002000101', '13', '11', '011', '002', '0001', '01', '', 'SUMATERA BARAT', 'DHARMASRAYA', 'KOTO BESAR', 'KOTO TINGGI', 'JORONG GUGUAK TINGGI'),
('1311011002000102', '13', '11', '011', '002', '0001', '02', '', 'SUMATERA BARAT', 'DHARMASRAYA', 'KOTO BESAR', 'KOTO TINGGI', 'JORONG GUGUAK TINGGI'),
('1311011002000201', '13', '11', '011', '002', '0002', '01', '', 'SUMATERA BARAT', 'DHARMASRAYA', 'KOTO BESAR', 'KOTO TINGGI', 'JORONG KOTO AGUNG'),
('1311011002000202', '13', '11', '011', '002', '0002', '02', '', 'SUMATERA BARAT', 'DHARMASRAYA', 'KOTO BESAR', 'KOTO TINGGI', 'JORONG KOTO AGUNG'),
('1311011002000301', '13', '11', '011', '002', '0003', '01', '', 'SUMATERA BARAT', 'DHARMASRAYA', 'KOTO BESAR', 'KOTO TINGGI', 'JORONG TANJUANG BATUANG'),
('1311011002000302', '13', '11', '011', '002', '0003', '02', '', 'SUMATERA BARAT', 'DHARMASRAYA', 'KOTO BESAR', 'KOTO TINGGI', 'JORONG TANJUANG BATUANG'),
('1311011002000303', '13', '11', '011', '002', '0003', '03', '', 'SUMATERA BARAT', 'DHARMASRAYA', 'KOTO BESAR', 'KOTO TINGGI', 'JORONG TANJUANG BATUANG'),
('1311011002000400', '13', '11', '011', '002', '0004', '00', '', 'SUMATERA BARAT', 'DHARMASRAYA', 'KOTO BESAR', 'KOTO TINGGI', 'JORONG SUKA MAJU'),
('1311011003000101', '13', '11', '011', '003', '0001', '01', '', 'SUMATERA BARAT', 'DHARMASRAYA', 'KOTO BESAR', 'BONJOL', 'JORONG SUNGAI LIKIAN'),
('1311011003000102', '13', '11', '011', '003', '0001', '02', '', 'SUMATERA BARAT', 'DHARMASRAYA', 'KOTO BESAR', 'BONJOL', 'JORONG SUNGAI LIKIAN'),
('1311011003000103', '13', '11', '011', '003', '0001', '03', '', 'SUMATERA BARAT', 'DHARMASRAYA', 'KOTO BESAR', 'BONJOL', 'JORONG SUNGAI LIKIAN'),
('1311011003000201', '13', '11', '011', '003', '0002', '01', '', 'SUMATERA BARAT', 'DHARMASRAYA', 'KOTO BESAR', 'BONJOL', 'JORONG BARU'),
('1311011003000202', '13', '11', '011', '003', '0002', '02', '', 'SUMATERA BARAT', 'DHARMASRAYA', 'KOTO BESAR', 'BONJOL', 'JORONG BARU'),
('1311011003000300', '13', '11', '011', '003', '0003', '00', '', 'SUMATERA BARAT', 'DHARMASRAYA', 'KOTO BESAR', 'BONJOL', 'JORONG PASIR MAYANG'),
('1311011003000401', '13', '11', '011', '003', '0004', '01', '', 'SUMATERA BARAT', 'DHARMASRAYA', 'KOTO BESAR', 'BONJOL', 'JORONG TUO'),
('1311011003000402', '13', '11', '011', '003', '0004', '02', '', 'SUMATERA BARAT', 'DHARMASRAYA', 'KOTO BESAR', 'BONJOL', 'JORONG TUO'),
('1311011004000100', '13', '11', '011', '004', '0001', '00', '', 'SUMATERA BARAT', 'DHARMASRAYA', 'KOTO BESAR', 'ABAI SIAT', 'JORONG RUMAH NAN AMPEK'),
('1311011004000200', '13', '11', '011', '004', '0002', '00', '', 'SUMATERA BARAT', 'DHARMASRAYA', 'KOTO BESAR', 'ABAI SIAT', 'JORONG RANAH BARU'),
('1311011004000301', '13', '11', '011', '004', '0003', '01', '', 'SUMATERA BARAT', 'DHARMASRAYA', 'KOTO BESAR', 'ABAI SIAT', 'JORONG ULAK BANJIR'),
('1311011004000302', '13', '11', '011', '004', '0003', '02', '', 'SUMATERA BARAT', 'DHARMASRAYA', 'KOTO BESAR', 'ABAI SIAT', 'JORONG ULAK BANJIR'),
('1311011004000400', '13', '11', '011', '004', '0004', '00', '', 'SUMATERA BARAT', 'DHARMASRAYA', 'KOTO BESAR', 'ABAI SIAT', 'JORONG RANAH PASAR'),
('1311011004000500', '13', '11', '011', '004', '0005', '00', '', 'SUMATERA BARAT', 'DHARMASRAYA', 'KOTO BESAR', 'ABAI SIAT', 'JORONG ABAI SIAT'),
('1311011004000600', '13', '11', '011', '004', '0006', '00', '', 'SUMATERA BARAT', 'DHARMASRAYA', 'KOTO BESAR', 'ABAI SIAT', 'JORONG BERINGIN'),
('1311011004000700', '13', '11', '011', '004', '0007', '00', '', 'SUMATERA BARAT', 'DHARMASRAYA', 'KOTO BESAR', 'ABAI SIAT', 'JORONG PADANG BUNGUR TIMUR'),
('1311011004000800', '13', '11', '011', '004', '0008', '00', '', 'SUMATERA BARAT', 'DHARMASRAYA', 'KOTO BESAR', 'ABAI SIAT', 'JORONG SAIYO'),
('1311011004000900', '13', '11', '011', '004', '0009', '00', '', 'SUMATERA BARAT', 'DHARMASRAYA', 'KOTO BESAR', 'ABAI SIAT', 'JORONG PADANG BUNGUR BARAT'),
('1311011004001000', '13', '11', '011', '004', '0010', '00', '', 'SUMATERA BARAT', 'DHARMASRAYA', 'KOTO BESAR', 'ABAI SIAT', 'JORONG PAYO MALINTANG'),
('1311011004001100', '13', '11', '011', '004', '0011', '00', '', 'SUMATERA BARAT', 'DHARMASRAYA', 'KOTO BESAR', 'ABAI SIAT', 'JORONG SAKATO'),
('1311011004001201', '13', '11', '011', '004', '0012', '01', '', 'SUMATERA BARAT', 'DHARMASRAYA', 'KOTO BESAR', 'ABAI SIAT', 'JORONG BUKIT AMAN'),
('1311011004001202', '13', '11', '011', '004', '0012', '02', '', 'SUMATERA BARAT', 'DHARMASRAYA', 'KOTO BESAR', 'ABAI SIAT', 'JORONG BUKIT AMAN'),
('1311011004001300', '13', '11', '011', '004', '0013', '00', '', 'SUMATERA BARAT', 'DHARMASRAYA', 'KOTO BESAR', 'ABAI SIAT', 'JORONG SUNGAI TONTANG'),
('1311011005000100', '13', '11', '011', '005', '0001', '00', '', 'SUMATERA BARAT', 'DHARMASRAYA', 'KOTO BESAR', 'KOTO BESAR', 'JORONG KOTO BESAR'),
('1311011005000201', '13', '11', '011', '005', '0002', '01', '', 'SUMATERA BARAT', 'DHARMASRAYA', 'KOTO BESAR', 'KOTO BESAR', 'JORONG KOTO DIATEH'),
('1311011005000202', '13', '11', '011', '005', '0002', '02', '', 'SUMATERA BARAT', 'DHARMASRAYA', 'KOTO BESAR', 'KOTO BESAR', 'JORONG KOTO DIATEH'),
('1311011005000300', '13', '11', '011', '005', '0003', '00', '', 'SUMATERA BARAT', 'DHARMASRAYA', 'KOTO BESAR', 'KOTO BESAR', 'JORONG KOTO DIBAWUAH'),
('1311011005000400', '13', '11', '011', '005', '0004', '00', '', 'SUMATERA BARAT', 'DHARMASRAYA', 'KOTO BESAR', 'KOTO BESAR', 'JORONG PAKAN JUMAT'),
('1311011006000101', '13', '11', '011', '006', '0001', '01', '', 'SUMATERA BARAT', 'DHARMASRAYA', 'KOTO BESAR', 'KOTO LAWEH', 'JORONG BUKIT GADING'),
('1311011006000102', '13', '11', '011', '006', '0001', '02', '', 'SUMATERA BARAT', 'DHARMASRAYA', 'KOTO BESAR', 'KOTO LAWEH', 'JORONG BUKIT GADING'),
('1311011006000201', '13', '11', '011', '006', '0002', '01', '', 'SUMATERA BARAT', 'DHARMASRAYA', 'KOTO BESAR', 'KOTO LAWEH', 'JORONG KOTO TANGAH'),
('1311011006000202', '13', '11', '011', '006', '0002', '02', '', 'SUMATERA BARAT', 'DHARMASRAYA', 'KOTO BESAR', 'KOTO LAWEH', 'JORONG KOTO TANGAH'),
('1311011006000203', '13', '11', '011', '006', '0002', '03', '', 'SUMATERA BARAT', 'DHARMASRAYA', 'KOTO BESAR', 'KOTO LAWEH', 'JORONG KOTO TANGAH'),
('1311011006000301', '13', '11', '011', '006', '0003', '01', '', 'SUMATERA BARAT', 'DHARMASRAYA', 'KOTO BESAR', 'KOTO LAWEH', 'JORONG BUKIT MAKMUR'),
('1311011006000302', '13', '11', '011', '006', '0003', '02', '', 'SUMATERA BARAT', 'DHARMASRAYA', 'KOTO BESAR', 'KOTO LAWEH', 'JORONG BUKIT MAKMUR'),
('1311011006000400', '13', '11', '011', '006', '0004', '00', '', 'SUMATERA BARAT', 'DHARMASRAYA', 'KOTO BESAR', 'KOTO LAWEH', 'JORONG DURIAN GADANG'),
('1311011006000501', '13', '11', '011', '006', '0005', '01', '', 'SUMATERA BARAT', 'DHARMASRAYA', 'KOTO BESAR', 'KOTO LAWEH', 'JORONG KOTO PANJANG'),
('1311011006000502', '13', '11', '011', '006', '0005', '02', '', 'SUMATERA BARAT', 'DHARMASRAYA', 'KOTO BESAR', 'KOTO LAWEH', 'JORONG KOTO PANJANG'),
('1311011007000101', '13', '11', '011', '007', '0001', '01', '', 'SUMATERA BARAT', 'DHARMASRAYA', 'KOTO BESAR', 'KOTO RANAH', 'JORONG SUNGAI NABUHAN'),
('1311011007000102', '13', '11', '011', '007', '0001', '02', '', 'SUMATERA BARAT', 'DHARMASRAYA', 'KOTO BESAR', 'KOTO RANAH', 'JORONG SUNGAI NABUHAN'),
('1311011007000201', '13', '11', '011', '007', '0002', '01', '', 'SUMATERA BARAT', 'DHARMASRAYA', 'KOTO BESAR', 'KOTO RANAH', 'JORONG KOTO TUO'),
('1311011007000202', '13', '11', '011', '007', '0002', '02', '', 'SUMATERA BARAT', 'DHARMASRAYA', 'KOTO BESAR', 'KOTO RANAH', 'JORONG KOTO TUO'),
('1311011007000300', '13', '11', '011', '007', '0003', '00', '', 'SUMATERA BARAT', 'DHARMASRAYA', 'KOTO BESAR', 'KOTO RANAH', 'JORONG SEI JERINJING'),
('1311011007000400', '13', '11', '011', '007', '0004', '00', '', 'SUMATERA BARAT', 'DHARMASRAYA', 'KOTO BESAR', 'KOTO RANAH', 'JORONG TELAGA BIRU'),
('1311011007000501', '13', '11', '011', '007', '0005', '01', '', 'SUMATERA BARAT', 'DHARMASRAYA', 'KOTO BESAR', 'KOTO RANAH', 'JORONG TANJUNG PAKU ALAM'),
('1311011007000502', '13', '11', '011', '007', '0005', '02', '', 'SUMATERA BARAT', 'DHARMASRAYA', 'KOTO BESAR', 'KOTO RANAH', 'JORONG TANJUNG PAKU ALAM'),
('1311011007000601', '13', '11', '011', '007', '0006', '01', '', 'SUMATERA BARAT', 'DHARMASRAYA', 'KOTO BESAR', 'KOTO RANAH', 'JORONG CENDANA'),
('1311011007000602', '13', '11', '011', '007', '0006', '02', '', 'SUMATERA BARAT', 'DHARMASRAYA', 'KOTO BESAR', 'KOTO RANAH', 'JORONG CENDANA'),
('1311011007000701', '13', '11', '011', '007', '0007', '01', '', 'SUMATERA BARAT', 'DHARMASRAYA', 'KOTO BESAR', 'KOTO RANAH', 'JORONG TARATAK BARU'),
('1311011007000702', '13', '11', '011', '007', '0007', '02', '', 'SUMATERA BARAT', 'DHARMASRAYA', 'KOTO BESAR', 'KOTO RANAH', 'JORONG TARATAK BARU'),
('1311011007000800', '13', '11', '011', '007', '0008', '00', '', 'SUMATERA BARAT', 'DHARMASRAYA', 'KOTO BESAR', 'KOTO RANAH', 'JORONG TARATAK TINGGI'),
('1311012001000100', '13', '11', '012', '001', '0001', '00', '', 'SUMATERA BARAT', 'DHARMASRAYA', 'ASAM JUJUHAN', 'LUBUK BESAR', 'JORONG LUBUK BESAR'),
('1311012001000200', '13', '11', '012', '001', '0002', '00', '', 'SUMATERA BARAT', 'DHARMASRAYA', 'ASAM JUJUHAN', 'LUBUK BESAR', 'JORONG MANGUN JAYA'),
('1311012001000300', '13', '11', '012', '001', '0003', '00', '', 'SUMATERA BARAT', 'DHARMASRAYA', 'ASAM JUJUHAN', 'LUBUK BESAR', 'JORONG KOTO UBI'),
('1311012001000401', '13', '11', '012', '001', '0004', '01', '', 'SUMATERA BARAT', 'DHARMASRAYA', 'ASAM JUJUHAN', 'LUBUK BESAR', 'JORONG SUNGAI BETUNG'),
('1311012001000402', '13', '11', '012', '001', '0004', '02', '', 'SUMATERA BARAT', 'DHARMASRAYA', 'ASAM JUJUHAN', 'LUBUK BESAR', 'JORONG SUNGAI BETUNG'),
('1311012002000101', '13', '11', '012', '002', '0001', '01', '', 'SUMATERA BARAT', 'DHARMASRAYA', 'ASAM JUJUHAN', 'ALAHAN NAN TIGO', 'JORONG BUKIT SEMBILAN'),
('1311012002000102', '13', '11', '012', '002', '0001', '02', '', 'SUMATERA BARAT', 'DHARMASRAYA', 'ASAM JUJUHAN', 'ALAHAN NAN TIGO', 'JORONG BUKIT SEMBILAN'),
('1311012002000200', '13', '11', '012', '002', '0002', '00', '', 'SUMATERA BARAT', 'DHARMASRAYA', 'ASAM JUJUHAN', 'ALAHAN NAN TIGO', 'JORONG BATU KANGKUNG'),
('1311012002000300', '13', '11', '012', '002', '0003', '00', '', 'SUMATERA BARAT', 'DHARMASRAYA', 'ASAM JUJUHAN', 'ALAHAN NAN TIGO', 'JORONG LUBUK BERINGIN'),
('1311012002000401', '13', '11', '012', '002', '0004', '01', '', 'SUMATERA BARAT', 'DHARMASRAYA', 'ASAM JUJUHAN', 'ALAHAN NAN TIGO', 'JORONG LUBUK BARU'),
('1311012002000402', '13', '11', '012', '002', '0004', '02', '', 'SUMATERA BARAT', 'DHARMASRAYA', 'ASAM JUJUHAN', 'ALAHAN NAN TIGO', 'JORONG LUBUK BARU'),
('1311012002000500', '13', '11', '012', '002', '0005', '00', '', 'SUMATERA BARAT', 'DHARMASRAYA', 'ASAM JUJUHAN', 'ALAHAN NAN TIGO', 'JORONG SUNGAI PAPO'),
('1311012003000100', '13', '11', '012', '003', '0001', '00', '', 'SUMATERA BARAT', 'DHARMASRAYA', 'ASAM JUJUHAN', 'SUNGAI LIMAU', 'JORONG KAYU ARO'),
('1311012003000200', '13', '11', '012', '003', '0002', '00', '', 'SUMATERA BARAT', 'DHARMASRAYA', 'ASAM JUJUHAN', 'SUNGAI LIMAU', 'JORONG TIMBULUN'),
('1311012003000300', '13', '11', '012', '003', '0003', '00', '', 'SUMATERA BARAT', 'DHARMASRAYA', 'ASAM JUJUHAN', 'SUNGAI LIMAU', 'JORONG SUNGAI LIMAU'),
('1311012003000400', '13', '11', '012', '003', '0004', '00', '', 'SUMATERA BARAT', 'DHARMASRAYA', 'ASAM JUJUHAN', 'SUNGAI LIMAU', 'JORONG PINCURAN TUJUH'),
('1311012003000500', '13', '11', '012', '003', '0005', '00', '', 'SUMATERA BARAT', 'DHARMASRAYA', 'ASAM JUJUHAN', 'SUNGAI LIMAU', 'JORONG KOTO TUO'),
('1311012004000101', '13', '11', '012', '004', '0001', '01', '', 'SUMATERA BARAT', 'DHARMASRAYA', 'ASAM JUJUHAN', 'SINAMAR', 'JORONG SINAMAR'),
('1311012004000102', '13', '11', '012', '004', '0001', '02', '', 'SUMATERA BARAT', 'DHARMASRAYA', 'ASAM JUJUHAN', 'SINAMAR', 'JORONG SINAMAR'),
('1311012004000200', '13', '11', '012', '004', '0002', '00', '', 'SUMATERA BARAT', 'DHARMASRAYA', 'ASAM JUJUHAN', 'SINAMAR', 'JORONG SINAMAR TIMUR'),
('1311012004000300', '13', '11', '012', '004', '0003', '00', '', 'SUMATERA BARAT', 'DHARMASRAYA', 'ASAM JUJUHAN', 'SINAMAR', 'JORONG SINAMAR BARAT'),
('1311012004000401', '13', '11', '012', '004', '0004', '01', '', 'SUMATERA BARAT', 'DHARMASRAYA', 'ASAM JUJUHAN', 'SINAMAR', 'JORONG SUNGAI BERAWAN'),
('1311012004000402', '13', '11', '012', '004', '0004', '02', '', 'SUMATERA BARAT', 'DHARMASRAYA', 'ASAM JUJUHAN', 'SINAMAR', 'JORONG SUNGAI BERAWAN'),
('1311012005000100', '13', '11', '012', '005', '0001', '00', '', 'SUMATERA BARAT', 'DHARMASRAYA', 'ASAM JUJUHAN', 'TANJUNG ALAM', 'JORONG MUARO SEMATAP'),
('1311012005000200', '13', '11', '012', '005', '0002', '00', '', 'SUMATERA BARAT', 'DHARMASRAYA', 'ASAM JUJUHAN', 'TANJUNG ALAM', 'JORONG TANJUNG ALAM'),
('1311012005000300', '13', '11', '012', '005', '0003', '00', '', 'SUMATERA BARAT', 'DHARMASRAYA', 'ASAM JUJUHAN', 'TANJUNG ALAM', 'JORONG AUR KUNING'),
('1311012005000400', '13', '11', '012', '005', '0004', '00', '', 'SUMATERA BARAT', 'DHARMASRAYA', 'ASAM JUJUHAN', 'TANJUNG ALAM', 'JORONG RANAH LAMO'),
('1311020001000100', '13', '11', '020', '001', '0001', '00', '', 'SUMATERA BARAT', 'DHARMASRAYA', 'KOTO BARU', 'AMPANG KURANJI', 'JORONG SUNGAI SAUNG'),
('1311020001000200', '13', '11', '020', '001', '0002', '00', '', 'SUMATERA BARAT', 'DHARMASRAYA', 'KOTO BARU', 'AMPANG KURANJI', 'JORONG LUBUK AGAM'),
('1311020001000301', '13', '11', '020', '001', '0003', '01', '', 'SUMATERA BARAT', 'DHARMASRAYA', 'KOTO BARU', 'AMPANG KURANJI', 'JORONG PADANG KAWANG'),
('1311020001000302', '13', '11', '020', '001', '0003', '02', '', 'SUMATERA BARAT', 'DHARMASRAYA', 'KOTO BARU', 'AMPANG KURANJI', 'JORONG PADANG KAWANG'),
('1311020001000400', '13', '11', '020', '001', '0004', '00', '', 'SUMATERA BARAT', 'DHARMASRAYA', 'KOTO BARU', 'AMPANG KURANJI', 'JORONG KOTO GADANG'),
('1311020001000500', '13', '11', '020', '001', '0005', '00', '', 'SUMATERA BARAT', 'DHARMASRAYA', 'KOTO BARU', 'AMPANG KURANJI', 'JORONG PADANG BERIANG'),
('1311020001000600', '13', '11', '020', '001', '0006', '00', '', 'SUMATERA BARAT', 'DHARMASRAYA', 'KOTO BARU', 'AMPANG KURANJI', 'JORONG CANGKIU BATU'),
('1311020001000700', '13', '11', '020', '001', '0007', '00', '', 'SUMATERA BARAT', 'DHARMASRAYA', 'KOTO BARU', 'AMPANG KURANJI', 'JORONG KOTO DI ATEH'),
('1311020001000801', '13', '11', '020', '001', '0008', '01', '', 'SUMATERA BARAT', 'DHARMASRAYA', 'KOTO BARU', 'AMPANG KURANJI', 'JORONG TELUK ALAI'),
('1311020001000802', '13', '11', '020', '001', '0008', '02', '', 'SUMATERA BARAT', 'DHARMASRAYA', 'KOTO BARU', 'AMPANG KURANJI', 'JORONG TELUK ALAI'),
('1311020001000901', '13', '11', '020', '001', '0009', '01', '', 'SUMATERA BARAT', 'DHARMASRAYA', 'KOTO BARU', 'AMPANG KURANJI', 'JORONG PASA BANDA'),
('1311020001000902', '13', '11', '020', '001', '0009', '02', '', 'SUMATERA BARAT', 'DHARMASRAYA', 'KOTO BARU', 'AMPANG KURANJI', 'JORONG PASA BANDA'),
('1311020001001000', '13', '11', '020', '001', '0010', '00', '', 'SUMATERA BARAT', 'DHARMASRAYA', 'KOTO BARU', 'AMPANG KURANJI', 'JORONG SUNGAI PAYANG'),
('1311020003000100', '13', '11', '020', '003', '0001', '00', '', 'SUMATERA BARAT', 'DHARMASRAYA', 'KOTO BARU', 'KOTO BARU', 'JORONG KOTO KOTO BARU'),
('1311020003000201', '13', '11', '020', '003', '0002', '01', '', 'SUMATERA BARAT', 'DHARMASRAYA', 'KOTO BARU', 'KOTO BARU', 'JORONG PASAR KOTO BARU'),
('1311020003000202', '13', '11', '020', '003', '0002', '02', '', 'SUMATERA BARAT', 'DHARMASRAYA', 'KOTO BARU', 'KOTO BARU', 'JORONG PASAR KOTO BARU'),
('1311020003000203', '13', '11', '020', '003', '0002', '03', '', 'SUMATERA BARAT', 'DHARMASRAYA', 'KOTO BARU', 'KOTO BARU', 'JORONG PASAR KOTO BARU'),
('1311020003000301', '13', '11', '020', '003', '0003', '01', '', 'SUMATERA BARAT', 'DHARMASRAYA', 'KOTO BARU', 'KOTO BARU', 'JORONG SEBERANG PIRUKO BARAT'),
('1311020003000302', '13', '11', '020', '003', '0003', '02', '', 'SUMATERA BARAT', 'DHARMASRAYA', 'KOTO BARU', 'KOTO BARU', 'JORONG SEBERANG PIRUKO BARAT'),
('1311020003000401', '13', '11', '020', '003', '0004', '01', '', 'SUMATERA BARAT', 'DHARMASRAYA', 'KOTO BARU', 'KOTO BARU', 'JORONG SEBERANG PIRUKO TIMUR'),
('1311020003000402', '13', '11', '020', '003', '0004', '02', '', 'SUMATERA BARAT', 'DHARMASRAYA', 'KOTO BARU', 'KOTO BARU', 'JORONG SEBERANG PIRUKO TIMUR'),
('1311020003000501', '13', '11', '020', '003', '0005', '01', '', 'SUMATERA BARAT', 'DHARMASRAYA', 'KOTO BARU', 'KOTO BARU', 'JORONG SUNGAI BETUNG'),
('1311020003000502', '13', '11', '020', '003', '0005', '02', '', 'SUMATERA BARAT', 'DHARMASRAYA', 'KOTO BARU', 'KOTO BARU', 'JORONG SUNGAI BETUNG'),
('1311020003000600', '13', '11', '020', '003', '0006', '00', '', 'SUMATERA BARAT', 'DHARMASRAYA', 'KOTO BARU', 'KOTO BARU', 'JORONG KOTO'),
('1311020003000701', '13', '11', '020', '003', '0007', '01', '', 'SUMATERA BARAT', 'DHARMASRAYA', 'KOTO BARU', 'KOTO BARU', 'JORONG PALO KOTO'),
('1311020003000702', '13', '11', '020', '003', '0007', '02', '', 'SUMATERA BARAT', 'DHARMASRAYA', 'KOTO BARU', 'KOTO BARU', 'JORONG PALO KOTO'),
('1311020003000801', '13', '11', '020', '003', '0008', '01', '', 'SUMATERA BARAT', 'DHARMASRAYA', 'KOTO BARU', 'KOTO BARU', 'JORONG PARIK BARU'),
('1311020003000802', '13', '11', '020', '003', '0008', '02', '', 'SUMATERA BARAT', 'DHARMASRAYA', 'KOTO BARU', 'KOTO BARU', 'JORONG PARIK BARU'),
('1311020003000900', '13', '11', '020', '003', '0009', '00', '', 'SUMATERA BARAT', 'DHARMASRAYA', 'KOTO BARU', 'KOTO BARU', 'JORONG PASAR USANG'),
('1311020003001001', '13', '11', '020', '003', '0010', '01', '', 'SUMATERA BARAT', 'DHARMASRAYA', 'KOTO BARU', 'KOTO BARU', 'JORONG SUNGAI LUKUIK'),
('1311020003001002', '13', '11', '020', '003', '0010', '02', '', 'SUMATERA BARAT', 'DHARMASRAYA', 'KOTO BARU', 'KOTO BARU', 'JORONG SUNGAI LUKUIK'),
('1311020003001101', '13', '11', '020', '003', '0011', '01', '', 'SUMATERA BARAT', 'DHARMASRAYA', 'KOTO BARU', 'KOTO BARU', 'JORONG LAKUAK LAWEH'),
('1311020003001102', '13', '11', '020', '003', '0011', '02', '', 'SUMATERA BARAT', 'DHARMASRAYA', 'KOTO BARU', 'KOTO BARU', 'JORONG LAKUAK LAWEH'),
('1311020003001103', '13', '11', '020', '003', '0011', '03', '', 'SUMATERA BARAT', 'DHARMASRAYA', 'KOTO BARU', 'KOTO BARU', 'JORONG LAKUAK LAWEH'),
('1311020003001201', '13', '11', '020', '003', '0012', '01', '', 'SUMATERA BARAT', 'DHARMASRAYA', 'KOTO BARU', 'KOTO BARU', 'JORONG PARIK SONTUL'),
('1311020003001202', '13', '11', '020', '003', '0012', '02', '', 'SUMATERA BARAT', 'DHARMASRAYA', 'KOTO BARU', 'KOTO BARU', 'JORONG PARIK SONTUL'),
('1311020003001301', '13', '11', '020', '003', '0013', '01', '', 'SUMATERA BARAT', 'DHARMASRAYA', 'KOTO BARU', 'KOTO BARU', 'JORONG PALO PADANG'),
('1311020003001302', '13', '11', '020', '003', '0013', '02', '', 'SUMATERA BARAT', 'DHARMASRAYA', 'KOTO BARU', 'KOTO BARU', 'JORONG PALO PADANG'),
('1311020003001400', '13', '11', '020', '003', '0014', '00', '', 'SUMATERA BARAT', 'DHARMASRAYA', 'KOTO BARU', 'KOTO BARU', 'JORONG SEBERANG PIRUKO'),
('1311020003001501', '13', '11', '020', '003', '0015', '01', '', 'SUMATERA BARAT', 'DHARMASRAYA', 'KOTO BARU', 'KOTO BARU', 'JORONG PARAK LAWEH'),
('1311020003001502', '13', '11', '020', '003', '0015', '02', '', 'SUMATERA BARAT', 'DHARMASRAYA', 'KOTO BARU', 'KOTO BARU', 'JORONG PARAK LAWEH'),
('1311020003001600', '13', '11', '020', '003', '0016', '00', '', 'SUMATERA BARAT', 'DHARMASRAYA', 'KOTO BARU', 'KOTO BARU', 'JORONG TAPIAN NAPAL'),
('1311020003001700', '13', '11', '020', '003', '0017', '00', '', 'SUMATERA BARAT', 'DHARMASRAYA', 'KOTO BARU', 'KOTO BARU', 'JORONG LUBUK PATIN'),
('1311020003001800', '13', '11', '020', '003', '0018', '00', '', 'SUMATERA BARAT', 'DHARMASRAYA', 'KOTO BARU', 'KOTO BARU', 'JORONG TARANDAM'),
('1311020003001900', '13', '11', '020', '003', '0019', '00', '', 'SUMATERA BARAT', 'DHARMASRAYA', 'KOTO BARU', 'KOTO BARU', 'JORONG BUKIT BAJANG'),
('1311020003002001', '13', '11', '020', '003', '0020', '01', '', 'SUMATERA BARAT', 'DHARMASRAYA', 'KOTO BARU', 'KOTO BARU', 'JORONG SIMPANG TIGA'),
('1311020003002002', '13', '11', '020', '003', '0020', '02', '', 'SUMATERA BARAT', 'DHARMASRAYA', 'KOTO BARU', 'KOTO BARU', 'JORONG SIMPANG TIGA'),
('1311020003002101', '13', '11', '020', '003', '0021', '01', '', 'SUMATERA BARAT', 'DHARMASRAYA', 'KOTO BARU', 'KOTO BARU', 'JORONG LUBUK PERING'),
('1311020003002102', '13', '11', '020', '003', '0021', '02', '', 'SUMATERA BARAT', 'DHARMASRAYA', 'KOTO BARU', 'KOTO BARU', 'JORONG LUBUK PERING'),
('1311020003002201', '13', '11', '020', '003', '0022', '01', '', 'SUMATERA BARAT', 'DHARMASRAYA', 'KOTO BARU', 'KOTO BARU', 'JORONG BUKIT BERANGIN'),
('1311020003002202', '13', '11', '020', '003', '0022', '02', '', 'SUMATERA BARAT', 'DHARMASRAYA', 'KOTO BARU', 'KOTO BARU', 'JORONG BUKIT BERANGIN'),
('1311020005000100', '13', '11', '020', '005', '0001', '00', '', 'SUMATERA BARAT', 'DHARMASRAYA', 'KOTO BARU', 'SIALANG GAUNG', 'JORONG SIALANG GAUNG'),
('1311020005000200', '13', '11', '020', '005', '0002', '00', '', 'SUMATERA BARAT', 'DHARMASRAYA', 'KOTO BARU', 'SIALANG GAUNG', 'JORONG RANAH'),
('1311020005000301', '13', '11', '020', '005', '0003', '01', '', 'SUMATERA BARAT', 'DHARMASRAYA', 'KOTO BARU', 'SIALANG GAUNG', 'JORONG SIMPANG EMPAT BELAS'),
('1311020005000302', '13', '11', '020', '005', '0003', '02', '', 'SUMATERA BARAT', 'DHARMASRAYA', 'KOTO BARU', 'SIALANG GAUNG', 'JORONG SIMPANG EMPAT BELAS'),
('1311020005000400', '13', '11', '020', '005', '0004', '00', '', 'SUMATERA BARAT', 'DHARMASRAYA', 'KOTO BARU', 'SIALANG GAUNG', 'JORONG PADANG LIMBAYUNG'),
('1311020005000501', '13', '11', '020', '005', '0005', '01', '', 'SUMATERA BARAT', 'DHARMASRAYA', 'KOTO BARU', 'SIALANG GAUNG', 'JORONG PASAR'),
('1311020005000502', '13', '11', '020', '005', '0005', '02', '', 'SUMATERA BARAT', 'DHARMASRAYA', 'KOTO BARU', 'SIALANG GAUNG', 'JORONG PASAR'),
('1311020005000600', '13', '11', '020', '005', '0006', '00', '', 'SUMATERA BARAT', 'DHARMASRAYA', 'KOTO BARU', 'SIALANG GAUNG', 'JORONG PADANG GEMURUH'),
('1311020005000701', '13', '11', '020', '005', '0007', '01', '', 'SUMATERA BARAT', 'DHARMASRAYA', 'KOTO BARU', 'SIALANG GAUNG', 'JORONG TARANTANG'),
('1311020005000702', '13', '11', '020', '005', '0007', '02', '', 'SUMATERA BARAT', 'DHARMASRAYA', 'KOTO BARU', 'SIALANG GAUNG', 'JORONG TARANTANG'),
('1311020005000801', '13', '11', '020', '005', '0008', '01', '', 'SUMATERA BARAT', 'DHARMASRAYA', 'KOTO BARU', 'SIALANG GAUNG', 'JORONG TANJUNG AMAN'),
('1311020005000802', '13', '11', '020', '005', '0008', '02', '', 'SUMATERA BARAT', 'DHARMASRAYA', 'KOTO BARU', 'SIALANG GAUNG', 'JORONG TANJUNG AMAN'),
('1311020005000900', '13', '11', '020', '005', '0009', '00', '', 'SUMATERA BARAT', 'DHARMASRAYA', 'KOTO BARU', 'SIALANG GAUNG', 'JORONG PANDALEH'),
('1311020005001000', '13', '11', '020', '005', '0010', '00', '', 'SUMATERA BARAT', 'DHARMASRAYA', 'KOTO BARU', 'SIALANG GAUNG', 'JORONG TABEK GUCI'),
('1311020005001100', '13', '11', '020', '005', '0011', '00', '', 'SUMATERA BARAT', 'DHARMASRAYA', 'KOTO BARU', 'SIALANG GAUNG', 'JORONG PADANG BINTUNGAN SATU'),
('1311020005001200', '13', '11', '020', '005', '0012', '00', '', 'SUMATERA BARAT', 'DHARMASRAYA', 'KOTO BARU', 'SIALANG GAUNG', 'JORONG PADANG BINTUNGAN SATU UTARA'),
('1311020005001300', '13', '11', '020', '005', '0013', '00', '', 'SUMATERA BARAT', 'DHARMASRAYA', 'KOTO BARU', 'SIALANG GAUNG', 'JORONG PADANG BINTUNGAN SATU SELATAN'),
('1311020005001400', '13', '11', '020', '005', '0014', '00', '', 'SUMATERA BARAT', 'DHARMASRAYA', 'KOTO BARU', 'SIALANG GAUNG', 'JORONG PADANG BINTUNGAN DUA'),
('1311020005001500', '13', '11', '020', '005', '0015', '00', '', 'SUMATERA BARAT', 'DHARMASRAYA', 'KOTO BARU', 'SIALANG GAUNG', 'JORONG PADANG BINTUNGAN DUA SELATAN'),
('1311020005001600', '13', '11', '020', '005', '0016', '00', '', 'SUMATERA BARAT', 'DHARMASRAYA', 'KOTO BARU', 'SIALANG GAUNG', 'JORONG PADANG BINTUNGAN DUA UTARA'),
('1311020005001700', '13', '11', '020', '005', '0017', '00', '', 'SUMATERA BARAT', 'DHARMASRAYA', 'KOTO BARU', 'SIALANG GAUNG', 'JORONG PADANG BINTUNGAN TIGA'),
('1311020005001800', '13', '11', '020', '005', '0018', '00', '', 'SUMATERA BARAT', 'DHARMASRAYA', 'KOTO BARU', 'SIALANG GAUNG', 'JORONG PADANG BINTUNGAN TIGA SELATAN'),
('1311020005001900', '13', '11', '020', '005', '0019', '00', '', 'SUMATERA BARAT', 'DHARMASRAYA', 'KOTO BARU', 'SIALANG GAUNG', 'JORONG PADANG BINTUNGAN TIGA UTARA'),
('1311020005002000', '13', '11', '020', '005', '0020', '00', '', 'SUMATERA BARAT', 'DHARMASRAYA', 'KOTO BARU', 'SIALANG GAUNG', 'JORONG PADANG BINTUNGAN EMPAT'),
('1311020005002100', '13', '11', '020', '005', '0021', '00', '', 'SUMATERA BARAT', 'DHARMASRAYA', 'KOTO BARU', 'SIALANG GAUNG', 'JORONG PADANG BINTUNGAN EMPAT TIMUR'),
('1311020005002200', '13', '11', '020', '005', '0022', '00', '', 'SUMATERA BARAT', 'DHARMASRAYA', 'KOTO BARU', 'SIALANG GAUNG', 'JORONG PADANG BINTUNGAN EMPAT BARAT'),
('1311020005002300', '13', '11', '020', '005', '0023', '00', '', 'SUMATERA BARAT', 'DHARMASRAYA', 'KOTO BARU', 'SIALANG GAUNG', 'JORONG PADANG BINTUNGAN LIMA'),
('1311020005002400', '13', '11', '020', '005', '0024', '00', '', 'SUMATERA BARAT', 'DHARMASRAYA', 'KOTO BARU', 'SIALANG GAUNG', 'JORONG PADANG BINTUNGAN LIMA BARAT'),
('1311020005002500', '13', '11', '020', '005', '0025', '00', '', 'SUMATERA BARAT', 'DHARMASRAYA', 'KOTO BARU', 'SIALANG GAUNG', 'JORONG PADANG BINTUNGAN LIMA TIMUR'),
('1311020005002600', '13', '11', '020', '005', '0026', '00', '', 'SUMATERA BARAT', 'DHARMASRAYA', 'KOTO BARU', 'SIALANG GAUNG', 'JORONG PADANG BINTUNGAN ENAM'),
('1311020005002700', '13', '11', '020', '005', '0027', '00', '', 'SUMATERA BARAT', 'DHARMASRAYA', 'KOTO BARU', 'SIALANG GAUNG', 'JORONG PADANG BINTUNGAN ENAM BARAT'),
('1311020005002800', '13', '11', '020', '005', '0028', '00', '', 'SUMATERA BARAT', 'DHARMASRAYA', 'KOTO BARU', 'SIALANG GAUNG', 'JORONG PADANG BINTUNGAN ENAM TIMUR'),
('1311020008000101', '13', '11', '020', '008', '0001', '01', '', 'SUMATERA BARAT', 'DHARMASRAYA', 'KOTO BARU', 'KOTO PADANG', 'JORONG TARATAK PARIK'),
('1311020008000102', '13', '11', '020', '008', '0001', '02', '', 'SUMATERA BARAT', 'DHARMASRAYA', 'KOTO BARU', 'KOTO PADANG', 'JORONG TARATAK PARIK'),
('1311020008000200', '13', '11', '020', '008', '0002', '00', '', 'SUMATERA BARAT', 'DHARMASRAYA', 'KOTO BARU', 'KOTO PADANG', 'JORONG KOTO PADANG'),
('1311020008000301', '13', '11', '020', '008', '0003', '01', '', 'SUMATERA BARAT', 'DHARMASRAYA', 'KOTO BARU', 'KOTO PADANG', 'JORONG KOTO LINTAS'),
('1311020008000302', '13', '11', '020', '008', '0003', '02', '', 'SUMATERA BARAT', 'DHARMASRAYA', 'KOTO BARU', 'KOTO PADANG', 'JORONG KOTO LINTAS'),
('1311020008000400', '13', '11', '020', '008', '0004', '00', '', 'SUMATERA BARAT', 'DHARMASRAYA', 'KOTO BARU', 'KOTO PADANG', 'JORONG RAWANG SUNGAI'),
('1311020008000501', '13', '11', '020', '008', '0005', '01', '', 'SUMATERA BARAT', 'DHARMASRAYA', 'KOTO BARU', 'KOTO PADANG', 'JORONG PINANG GADANG'),
('1311020008000502', '13', '11', '020', '008', '0005', '02', '', 'SUMATERA BARAT', 'DHARMASRAYA', 'KOTO BARU', 'KOTO PADANG', 'JORONG PINANG GADANG'),
('1311020008000601', '13', '11', '020', '008', '0006', '01', '', 'SUMATERA BARAT', 'DHARMASRAYA', 'KOTO BARU', 'KOTO PADANG', 'JORONG KAMPUNG BARU'),
('1311020008000602', '13', '11', '020', '008', '0006', '02', '', 'SUMATERA BARAT', 'DHARMASRAYA', 'KOTO BARU', 'KOTO PADANG', 'JORONG KAMPUNG BARU'),
('1311020008000701', '13', '11', '020', '008', '0007', '01', '', 'SUMATERA BARAT', 'DHARMASRAYA', 'KOTO BARU', 'KOTO PADANG', 'JORONG SUNGAI LOMAK'),
('1311020008000702', '13', '11', '020', '008', '0007', '02', '', 'SUMATERA BARAT', 'DHARMASRAYA', 'KOTO BARU', 'KOTO PADANG', 'JORONG SUNGAI LOMAK'),
('1311020008000703', '13', '11', '020', '008', '0007', '03', '', 'SUMATERA BARAT', 'DHARMASRAYA', 'KOTO BARU', 'KOTO PADANG', 'JORONG SUNGAI LOMAK'),
('1311020008000704', '13', '11', '020', '008', '0007', '04', '', 'SUMATERA BARAT', 'DHARMASRAYA', 'KOTO BARU', 'KOTO PADANG', 'JORONG SUNGAI LOMAK'),
('1311020008000705', '13', '11', '020', '008', '0007', '05', '', 'SUMATERA BARAT', 'DHARMASRAYA', 'KOTO BARU', 'KOTO PADANG', 'JORONG SUNGAI LOMAK'),
('1311020008000706', '13', '11', '020', '008', '0007', '06', '', 'SUMATERA BARAT', 'DHARMASRAYA', 'KOTO BARU', 'KOTO PADANG', 'JORONG SUNGAI LOMAK'),
('1311020008000707', '13', '11', '020', '008', '0007', '07', '', 'SUMATERA BARAT', 'DHARMASRAYA', 'KOTO BARU', 'KOTO PADANG', 'JORONG SUNGAI LOMAK'),
('1311020008000708', '13', '11', '020', '008', '0007', '08', '', 'SUMATERA BARAT', 'DHARMASRAYA', 'KOTO BARU', 'KOTO PADANG', 'JORONG SUNGAI LOMAK'),
('1311020008000800', '13', '11', '020', '008', '0008', '00', '', 'SUMATERA BARAT', 'DHARMASRAYA', 'KOTO BARU', 'KOTO PADANG', 'JORONG AUR JAYA SATU'),
('1311020008000901', '13', '11', '020', '008', '0009', '01', '', 'SUMATERA BARAT', 'DHARMASRAYA', 'KOTO BARU', 'KOTO PADANG', 'JORONG AUR JAYA DUA'),
('1311020008000902', '13', '11', '020', '008', '0009', '02', '', 'SUMATERA BARAT', 'DHARMASRAYA', 'KOTO BARU', 'KOTO PADANG', 'JORONG AUR JAYA DUA'),
('1311020008001000', '13', '11', '020', '008', '0010', '00', '', 'SUMATERA BARAT', 'DHARMASRAYA', 'KOTO BARU', 'KOTO PADANG', 'JORONG AUR JAYA TIGA'),
('1311020008001100', '13', '11', '020', '008', '0011', '00', '', 'SUMATERA BARAT', 'DHARMASRAYA', 'KOTO BARU', 'KOTO PADANG', 'JORONG AUR JAYA EMPAT'),
('1311020008001200', '13', '11', '020', '008', '0012', '00', '', 'SUMATERA BARAT', 'DHARMASRAYA', 'KOTO BARU', 'KOTO PADANG', 'JORONG AUR JAYA LIMA'),
('1311020008001300', '13', '11', '020', '008', '0013', '00', '', 'SUMATERA BARAT', 'DHARMASRAYA', 'KOTO BARU', 'KOTO PADANG', 'JORONG AUR JAYA ENAM'),
('1311021001000100', '13', '11', '021', '001', '0001', '00', '', 'SUMATERA BARAT', 'DHARMASRAYA', 'KOTO SALAK', 'PADUKUAN', 'JORONG PADUKUAN'),
('1311021001000201', '13', '11', '021', '001', '0002', '01', '', 'SUMATERA BARAT', 'DHARMASRAYA', 'KOTO SALAK', 'PADUKUAN', 'JORONG PADANG RAMPAK'),
('1311021001000202', '13', '11', '021', '001', '0002', '02', '', 'SUMATERA BARAT', 'DHARMASRAYA', 'KOTO SALAK', 'PADUKUAN', 'JORONG PADANG RAMPAK'),
('1311021001000300', '13', '11', '021', '001', '0003', '00', '', 'SUMATERA BARAT', 'DHARMASRAYA', 'KOTO SALAK', 'PADUKUAN', 'JORONG PADANG TENGAH SATU'),
('1311021001000400', '13', '11', '021', '001', '0004', '00', '', 'SUMATERA BARAT', 'DHARMASRAYA', 'KOTO SALAK', 'PADUKUAN', 'JORONG PADANG TENGAH DUA'),
('1311021001000500', '13', '11', '021', '001', '0005', '00', '', 'SUMATERA BARAT', 'DHARMASRAYA', 'KOTO SALAK', 'PADUKUAN', 'JORONG PADANG TENGAH TIGA'),
('1311021001000601', '13', '11', '021', '001', '0006', '01', '', 'SUMATERA BARAT', 'DHARMASRAYA', 'KOTO SALAK', 'PADUKUAN', 'JORONG SUNGAI RUMBAI'),
('1311021001000602', '13', '11', '021', '001', '0006', '02', '', 'SUMATERA BARAT', 'DHARMASRAYA', 'KOTO SALAK', 'PADUKUAN', 'JORONG SUNGAI RUMBAI'),
('1311021001000700', '13', '11', '021', '001', '0007', '00', '', 'SUMATERA BARAT', 'DHARMASRAYA', 'KOTO SALAK', 'PADUKUAN', 'JORONG SUNGAI BUNGUR'),
('1311021001000800', '13', '11', '021', '001', '0008', '00', '', 'SUMATERA BARAT', 'DHARMASRAYA', 'KOTO SALAK', 'PADUKUAN', 'JORONG SUNGAI BUNGIN'),
('1311021001000900', '13', '11', '021', '001', '0009', '00', '', 'SUMATERA BARAT', 'DHARMASRAYA', 'KOTO SALAK', 'PADUKUAN', 'JORONG SUNGAI KASOK'),
('1311021002000100', '13', '11', '021', '002', '0001', '00', '', 'SUMATERA BARAT', 'DHARMASRAYA', 'KOTO SALAK', 'PULAU MAINAN', 'JORONG LIMAU SUNDAI'),
('1311021002000200', '13', '11', '021', '002', '0002', '00', '', 'SUMATERA BARAT', 'DHARMASRAYA', 'KOTO SALAK', 'PULAU MAINAN', 'JORONG PULAU MAINAN'),
('1311021002000300', '13', '11', '021', '002', '0003', '00', '', 'SUMATERA BARAT', 'DHARMASRAYA', 'KOTO SALAK', 'PULAU MAINAN', 'JORONG JATI SALAM'),
('1311021002000401', '13', '11', '021', '002', '0004', '01', '', 'SUMATERA BARAT', 'DHARMASRAYA', 'KOTO SALAK', 'PULAU MAINAN', 'JORONG LUBUK LESUNG'),
('1311021002000402', '13', '11', '021', '002', '0004', '02', '', 'SUMATERA BARAT', 'DHARMASRAYA', 'KOTO SALAK', 'PULAU MAINAN', 'JORONG LUBUK LESUNG'),
('1311021002000500', '13', '11', '021', '002', '0005', '00', '', 'SUMATERA BARAT', 'DHARMASRAYA', 'KOTO SALAK', 'PULAU MAINAN', 'JORONG LUBUK LESUNG BARAT'),
('1311021002000600', '13', '11', '021', '002', '0006', '00', '', 'SUMATERA BARAT', 'DHARMASRAYA', 'KOTO SALAK', 'PULAU MAINAN', 'JORONG SUNGAI KULUKUP'),
('1311021002000700', '13', '11', '021', '002', '0007', '00', '', 'SUMATERA BARAT', 'DHARMASRAYA', 'KOTO SALAK', 'PULAU MAINAN', 'JORONG SUNGAI KULUKUP UTARA'),
('1311021002000800', '13', '11', '021', '002', '0008', '00', '', 'SUMATERA BARAT', 'DHARMASRAYA', 'KOTO SALAK', 'PULAU MAINAN', 'JORONG SUNGAI LEMBUR'),
('1311021002000900', '13', '11', '021', '002', '0009', '00', '', 'SUMATERA BARAT', 'DHARMASRAYA', 'KOTO SALAK', 'PULAU MAINAN', 'JORONG SUNGAI LEMBUR SELATAN'),
('1311021002001000', '13', '11', '021', '002', '0010', '00', '', 'SUMATERA BARAT', 'DHARMASRAYA', 'KOTO SALAK', 'PULAU MAINAN', 'JORONG SUNGAI MAKMUR TIMUR'),
('1311021002001100', '13', '11', '021', '002', '0011', '00', '', 'SUMATERA BARAT', 'DHARMASRAYA', 'KOTO SALAK', 'PULAU MAINAN', 'JORONG SUNGAI MAKMUR BARAT'),
('1311021003000101', '13', '11', '021', '003', '0001', '01', '', 'SUMATERA BARAT', 'DHARMASRAYA', 'KOTO SALAK', 'SIMALIDU', 'JORONG SIMALIDU'),
('1311021003000102', '13', '11', '021', '003', '0001', '02', '', 'SUMATERA BARAT', 'DHARMASRAYA', 'KOTO SALAK', 'SIMALIDU', 'JORONG SIMALIDU'),
('1311021003000200', '13', '11', '021', '003', '0002', '00', '', 'SUMATERA BARAT', 'DHARMASRAYA', 'KOTO SALAK', 'SIMALIDU', 'JORONG KAMPUNG BARU SIMALIDU'),
('1311021003000300', '13', '11', '021', '003', '0003', '00', '', 'SUMATERA BARAT', 'DHARMASRAYA', 'KOTO SALAK', 'SIMALIDU', 'JORONG KAMPUNG TENGAH'),
('1311021003000401', '13', '11', '021', '003', '0004', '01', '', 'SUMATERA BARAT', 'DHARMASRAYA', 'KOTO SALAK', 'SIMALIDU', 'JORONG SETIA BUDI'),
('1311021003000402', '13', '11', '021', '003', '0004', '02', '', 'SUMATERA BARAT', 'DHARMASRAYA', 'KOTO SALAK', 'SIMALIDU', 'JORONG SETIA BUDI'),
('1311021003000500', '13', '11', '021', '003', '0005', '00', '', 'SUMATERA BARAT', 'DHARMASRAYA', 'KOTO SALAK', 'SIMALIDU', 'JORONG KAMPUNG HARAPAN'),
('1311021003000600', '13', '11', '021', '003', '0006', '00', '', 'SUMATERA BARAT', 'DHARMASRAYA', 'KOTO SALAK', 'SIMALIDU', 'JORONG TANJUNG HARAPAN'),
('1311021003000700', '13', '11', '021', '003', '0007', '00', '', 'SUMATERA BARAT', 'DHARMASRAYA', 'KOTO SALAK', 'SIMALIDU', 'JORONG SALAM BARU'),
('1311021004000100', '13', '11', '021', '004', '0001', '00', '', 'SUMATERA BARAT', 'DHARMASRAYA', 'KOTO SALAK', 'KOTO SALAK', 'JORONG KOTO.KOTO SALAK'),
('1311021004000200', '13', '11', '021', '004', '0002', '00', '', 'SUMATERA BARAT', 'DHARMASRAYA', 'KOTO SALAK', 'KOTO SALAK', 'JORONG KAMPUNG BARU'),
('1311021004000300', '13', '11', '021', '004', '0003', '00', '', 'SUMATERA BARAT', 'DHARMASRAYA', 'KOTO SALAK', 'KOTO SALAK', 'JORONG RUMAH PADANG'),
('1311021004000400', '13', '11', '021', '004', '0004', '00', '', 'SUMATERA BARAT', 'DHARMASRAYA', 'KOTO SALAK', 'KOTO SALAK', 'JORONG LUBUK HARTO'),
('1311021004000500', '13', '11', '021', '004', '0005', '00', '', 'SUMATERA BARAT', 'DHARMASRAYA', 'KOTO SALAK', 'KOTO SALAK', 'JORONG PADANG TAROK'),
('1311021004000600', '13', '11', '021', '004', '0006', '00', '', 'SUMATERA BARAT', 'DHARMASRAYA', 'KOTO SALAK', 'KOTO SALAK', 'JORONG SUNGAI LANCAR'),
('1311021004000700', '13', '11', '021', '004', '0007', '00', '', 'SUMATERA BARAT', 'DHARMASRAYA', 'KOTO SALAK', 'KOTO SALAK', 'JORONG PEKAN SENAYAN'),
('1311021004000800', '13', '11', '021', '004', '0008', '00', '', 'SUMATERA BARAT', 'DHARMASRAYA', 'KOTO SALAK', 'KOTO SALAK', 'JORONG PADANG TAROK DUA'),
('1311021004000900', '13', '11', '021', '004', '0009', '00', '', 'SUMATERA BARAT', 'DHARMASRAYA', 'KOTO SALAK', 'KOTO SALAK', 'JORONG KOTO SALAK'),
('1311021004001000', '13', '11', '021', '004', '0010', '00', '', 'SUMATERA BARAT', 'DHARMASRAYA', 'KOTO SALAK', 'KOTO SALAK', 'JORONG TANJUNG ALAM'),
('1311021005000100', '13', '11', '021', '005', '0001', '00', '', 'SUMATERA BARAT', 'DHARMASRAYA', 'KOTO SALAK', 'AMPALU', 'JORONG KOTO AMPALU'),
('1311021005000200', '13', '11', '021', '005', '0002', '00', '', 'SUMATERA BARAT', 'DHARMASRAYA', 'KOTO SALAK', 'AMPALU', 'JORONG PASAR LAMA'),
('1311021005000301', '13', '11', '021', '005', '0003', '01', '', 'SUMATERA BARAT', 'DHARMASRAYA', 'KOTO SALAK', 'AMPALU', 'JORONG PASAR BARU'),
('1311021005000302', '13', '11', '021', '005', '0003', '02', '', 'SUMATERA BARAT', 'DHARMASRAYA', 'KOTO SALAK', 'AMPALU', 'JORONG PASAR BARU'),
('1311021005000400', '13', '11', '021', '005', '0004', '00', '', 'SUMATERA BARAT', 'DHARMASRAYA', 'KOTO SALAK', 'AMPALU', 'JORONG MEKAR SARI'),
('1311021005000500', '13', '11', '021', '005', '0005', '00', '', 'SUMATERA BARAT', 'DHARMASRAYA', 'KOTO SALAK', 'AMPALU', 'JORONG PINTU AGUNG'),
('1311021005000600', '13', '11', '021', '005', '0006', '00', '', 'SUMATERA BARAT', 'DHARMASRAYA', 'KOTO SALAK', 'AMPALU', 'JORONG DUSUN BARU'),
('1311021005000700', '13', '11', '021', '005', '0007', '00', '', 'SUMATERA BARAT', 'DHARMASRAYA', 'KOTO SALAK', 'AMPALU', 'JORONG MANGKALANG'),
('1311022001000100', '13', '11', '022', '001', '0001', '00', '', 'SUMATERA BARAT', 'DHARMASRAYA', 'TIUMANG', 'KOTO BERINGIN', 'JORONG KOTO BERINGIN SATU'),
('1311022001000200', '13', '11', '022', '001', '0002', '00', '', 'SUMATERA BARAT', 'DHARMASRAYA', 'TIUMANG', 'KOTO BERINGIN', 'JORONG KOTO BERINGIN DUA'),
('1311022001000300', '13', '11', '022', '001', '0003', '00', '', 'SUMATERA BARAT', 'DHARMASRAYA', 'TIUMANG', 'KOTO BERINGIN', 'JORONG SUNGAI MACANG'),
('1311022001000400', '13', '11', '022', '001', '0004', '00', '', 'SUMATERA BARAT', 'DHARMASRAYA', 'TIUMANG', 'KOTO BERINGIN', 'JORONG HARAPAN MULYA SATU'),
('1311022001000500', '13', '11', '022', '001', '0005', '00', '', 'SUMATERA BARAT', 'DHARMASRAYA', 'TIUMANG', 'KOTO BERINGIN', 'JORONG HARAPAN MULYA II'),
('1311022001000600', '13', '11', '022', '001', '0006', '00', '', 'SUMATERA BARAT', 'DHARMASRAYA', 'TIUMANG', 'KOTO BERINGIN', 'JORONG MEKAR MULYA'),
('1311022001000700', '13', '11', '022', '001', '0007', '00', '', 'SUMATERA BARAT', 'DHARMASRAYA', 'TIUMANG', 'KOTO BERINGIN', 'JORONG MULYA ABADI'),
('1311022002000100', '13', '11', '022', '002', '0001', '00', '', 'SUMATERA BARAT', 'DHARMASRAYA', 'TIUMANG', 'SIPANGKUR', 'JORONG SIPANGKUR SATU'),
('1311022002000200', '13', '11', '022', '002', '0002', '00', '', 'SUMATERA BARAT', 'DHARMASRAYA', 'TIUMANG', 'SIPANGKUR', 'JORONG SIPANGKUR DUA');
INSERT INTO `wilayah` (`id`, `kd_prov`, `kd_kab`, `kd_kec`, `kd_des`, `kd_sls`, `kd_subsls`, `kd_bs`, `nm_prov`, `nm_kab`, `nm_kec`, `nm_des`, `nm_sls`) VALUES
('1311022002000301', '13', '11', '022', '002', '0003', '01', '', 'SUMATERA BARAT', 'DHARMASRAYA', 'TIUMANG', 'SIPANGKUR', 'JORONG SUMBER MULYA'),
('1311022002000302', '13', '11', '022', '002', '0003', '02', '', 'SUMATERA BARAT', 'DHARMASRAYA', 'TIUMANG', 'SIPANGKUR', 'JORONG SUMBER MULYA'),
('1311022002000400', '13', '11', '022', '002', '0004', '00', '', 'SUMATERA BARAT', 'DHARMASRAYA', 'TIUMANG', 'SIPANGKUR', 'JORONG LAGAN JAYA SATU'),
('1311022002000500', '13', '11', '022', '002', '0005', '00', '', 'SUMATERA BARAT', 'DHARMASRAYA', 'TIUMANG', 'SIPANGKUR', 'JORONG MEKAR MULYA'),
('1311022002000601', '13', '11', '022', '002', '0006', '01', '', 'SUMATERA BARAT', 'DHARMASRAYA', 'TIUMANG', 'SIPANGKUR', 'JORONG JAYA MULYA'),
('1311022002000602', '13', '11', '022', '002', '0006', '02', '', 'SUMATERA BARAT', 'DHARMASRAYA', 'TIUMANG', 'SIPANGKUR', 'JORONG JAYA MULYA'),
('1311022002000700', '13', '11', '022', '002', '0007', '00', '', 'SUMATERA BARAT', 'DHARMASRAYA', 'TIUMANG', 'SIPANGKUR', 'JORONG LAGAN JAYA DUA'),
('1311022003000100', '13', '11', '022', '003', '0001', '00', '', 'SUMATERA BARAT', 'DHARMASRAYA', 'TIUMANG', 'SUNGAI LANGKOK', 'JORONG SUNGAI LANGKOK'),
('1311022003000200', '13', '11', '022', '003', '0002', '00', '', 'SUMATERA BARAT', 'DHARMASRAYA', 'TIUMANG', 'SUNGAI LANGKOK', 'JORONG KARYA HARAPAN'),
('1311022003000300', '13', '11', '022', '003', '0003', '00', '', 'SUMATERA BARAT', 'DHARMASRAYA', 'TIUMANG', 'SUNGAI LANGKOK', 'JORONG KOTO HILALANG SATU'),
('1311022003000400', '13', '11', '022', '003', '0004', '00', '', 'SUMATERA BARAT', 'DHARMASRAYA', 'TIUMANG', 'SUNGAI LANGKOK', 'JORONG KOTO HILALANG DUA'),
('1311022003000501', '13', '11', '022', '003', '0005', '01', '', 'SUMATERA BARAT', 'DHARMASRAYA', 'TIUMANG', 'SUNGAI LANGKOK', 'JORONG BANJAR MAKMUR'),
('1311022003000502', '13', '11', '022', '003', '0005', '02', '', 'SUMATERA BARAT', 'DHARMASRAYA', 'TIUMANG', 'SUNGAI LANGKOK', 'JORONG BANJAR MAKMUR'),
('1311022003000600', '13', '11', '022', '003', '0006', '00', '', 'SUMATERA BARAT', 'DHARMASRAYA', 'TIUMANG', 'SUNGAI LANGKOK', 'JORONG KOTO HARJO'),
('1311022003000700', '13', '11', '022', '003', '0007', '00', '', 'SUMATERA BARAT', 'DHARMASRAYA', 'TIUMANG', 'SUNGAI LANGKOK', 'JORONG CANDI BIMA'),
('1311022003000800', '13', '11', '022', '003', '0008', '00', '', 'SUMATERA BARAT', 'DHARMASRAYA', 'TIUMANG', 'SUNGAI LANGKOK', 'JORONG SEKAR MAKMUR'),
('1311022004000100', '13', '11', '022', '004', '0001', '00', '', 'SUMATERA BARAT', 'DHARMASRAYA', 'TIUMANG', 'TIUMANG', 'JORONG TIUMANG'),
('1311022004000200', '13', '11', '022', '004', '0002', '00', '', 'SUMATERA BARAT', 'DHARMASRAYA', 'TIUMANG', 'TIUMANG', 'JORONG TIUMANG BARU'),
('1311022004000301', '13', '11', '022', '004', '0003', '01', '', 'SUMATERA BARAT', 'DHARMASRAYA', 'TIUMANG', 'TIUMANG', 'JORONG SUNGAI KALANG SATU'),
('1311022004000302', '13', '11', '022', '004', '0003', '02', '', 'SUMATERA BARAT', 'DHARMASRAYA', 'TIUMANG', 'TIUMANG', 'JORONG SUNGAI KALANG SATU'),
('1311022004000401', '13', '11', '022', '004', '0004', '01', '', 'SUMATERA BARAT', 'DHARMASRAYA', 'TIUMANG', 'TIUMANG', 'JORONG REJO SARI'),
('1311022004000402', '13', '11', '022', '004', '0004', '02', '', 'SUMATERA BARAT', 'DHARMASRAYA', 'TIUMANG', 'TIUMANG', 'JORONG REJO SARI'),
('1311022004000501', '13', '11', '022', '004', '0005', '01', '', 'SUMATERA BARAT', 'DHARMASRAYA', 'TIUMANG', 'TIUMANG', 'JORONG SUNGAI KALANG DUA'),
('1311022004000502', '13', '11', '022', '004', '0005', '02', '', 'SUMATERA BARAT', 'DHARMASRAYA', 'TIUMANG', 'TIUMANG', 'JORONG SUNGAI KALANG DUA'),
('1311022004000503', '13', '11', '022', '004', '0005', '03', '', 'SUMATERA BARAT', 'DHARMASRAYA', 'TIUMANG', 'TIUMANG', 'JORONG SUNGAI KALANG DUA'),
('1311022004000601', '13', '11', '022', '004', '0006', '01', '', 'SUMATERA BARAT', 'DHARMASRAYA', 'TIUMANG', 'TIUMANG', 'JORONG SUKO HARJO'),
('1311022004000602', '13', '11', '022', '004', '0006', '02', '', 'SUMATERA BARAT', 'DHARMASRAYA', 'TIUMANG', 'TIUMANG', 'JORONG SUKO HARJO'),
('1311022004000701', '13', '11', '022', '004', '0007', '01', '', 'SUMATERA BARAT', 'DHARMASRAYA', 'TIUMANG', 'TIUMANG', 'JORONG BUKIT HARAPAN'),
('1311022004000702', '13', '11', '022', '004', '0007', '02', '', 'SUMATERA BARAT', 'DHARMASRAYA', 'TIUMANG', 'TIUMANG', 'JORONG BUKIT HARAPAN'),
('1311022004000800', '13', '11', '022', '004', '0008', '00', '', 'SUMATERA BARAT', 'DHARMASRAYA', 'TIUMANG', 'TIUMANG', 'JORONG BUKIT HARAPAN JAYA'),
('1311023001000100', '13', '11', '023', '001', '0001', '00', '', 'SUMATERA BARAT', 'DHARMASRAYA', 'PADANG LAWEH', 'BATU RIJAL', 'JORONG MORO BANGUN'),
('1311023001000200', '13', '11', '023', '001', '0002', '00', '', 'SUMATERA BARAT', 'DHARMASRAYA', 'PADANG LAWEH', 'BATU RIJAL', 'JORONG BATU RIJAL'),
('1311023001000300', '13', '11', '023', '001', '0003', '00', '', 'SUMATERA BARAT', 'DHARMASRAYA', 'PADANG LAWEH', 'BATU RIJAL', 'JORONG AUR KUNING'),
('1311023001000400', '13', '11', '023', '001', '0004', '00', '', 'SUMATERA BARAT', 'DHARMASRAYA', 'PADANG LAWEH', 'BATU RIJAL', 'JORONG SUNGAI ATANG'),
('1311023001000500', '13', '11', '023', '001', '0005', '00', '', 'SUMATERA BARAT', 'DHARMASRAYA', 'PADANG LAWEH', 'BATU RIJAL', 'JORONG MOYO LUHUR'),
('1311023002000101', '13', '11', '023', '002', '0001', '01', '', 'SUMATERA BARAT', 'DHARMASRAYA', 'PADANG LAWEH', 'MUARO SOPAN', 'JORONG MUARO SOPAN'),
('1311023002000102', '13', '11', '023', '002', '0001', '02', '', 'SUMATERA BARAT', 'DHARMASRAYA', 'PADANG LAWEH', 'MUARO SOPAN', 'JORONG MUARO SOPAN'),
('1311023002000200', '13', '11', '023', '002', '0002', '00', '', 'SUMATERA BARAT', 'DHARMASRAYA', 'PADANG LAWEH', 'MUARO SOPAN', 'JORONG BATU TAKAU'),
('1311023002000300', '13', '11', '023', '002', '0003', '00', '', 'SUMATERA BARAT', 'DHARMASRAYA', 'PADANG LAWEH', 'MUARO SOPAN', 'JORONG SUNGAI SAKAI'),
('1311023002000400', '13', '11', '023', '002', '0004', '00', '', 'SUMATERA BARAT', 'DHARMASRAYA', 'PADANG LAWEH', 'MUARO SOPAN', 'JORONG RIMBO AIA DINGIN'),
('1311023003000100', '13', '11', '023', '003', '0001', '00', '', 'SUMATERA BARAT', 'DHARMASRAYA', 'PADANG LAWEH', 'PADANG LAWEH', 'JORONG PADANG LAWEH'),
('1311023003000200', '13', '11', '023', '003', '0002', '00', '', 'SUMATERA BARAT', 'DHARMASRAYA', 'PADANG LAWEH', 'PADANG LAWEH', 'JORONG KOTO LAMO'),
('1311023003000300', '13', '11', '023', '003', '0003', '00', '', 'SUMATERA BARAT', 'DHARMASRAYA', 'PADANG LAWEH', 'PADANG LAWEH', 'JORONG BATANG TABEK'),
('1311023003000400', '13', '11', '023', '003', '0004', '00', '', 'SUMATERA BARAT', 'DHARMASRAYA', 'PADANG LAWEH', 'PADANG LAWEH', 'JORONG TITIAN AKAU'),
('1311023004000101', '13', '11', '023', '004', '0001', '01', '', 'SUMATERA BARAT', 'DHARMASRAYA', 'PADANG LAWEH', 'SOPAN JAYA', 'JORONG JATI MAKMUR'),
('1311023004000102', '13', '11', '023', '004', '0001', '02', '', 'SUMATERA BARAT', 'DHARMASRAYA', 'PADANG LAWEH', 'SOPAN JAYA', 'JORONG JATI MAKMUR'),
('1311023004000201', '13', '11', '023', '004', '0002', '01', '', 'SUMATERA BARAT', 'DHARMASRAYA', 'PADANG LAWEH', 'SOPAN JAYA', 'JORONG SOPAN JAYA'),
('1311023004000202', '13', '11', '023', '004', '0002', '02', '', 'SUMATERA BARAT', 'DHARMASRAYA', 'PADANG LAWEH', 'SOPAN JAYA', 'JORONG SOPAN JAYA'),
('1311023004000300', '13', '11', '023', '004', '0003', '00', '', 'SUMATERA BARAT', 'DHARMASRAYA', 'PADANG LAWEH', 'SOPAN JAYA', 'JORONG KAYU ARO'),
('1311023004000401', '13', '11', '023', '004', '0004', '01', '', 'SUMATERA BARAT', 'DHARMASRAYA', 'PADANG LAWEH', 'SOPAN JAYA', 'JORONG BUMI RAYA'),
('1311023004000402', '13', '11', '023', '004', '0004', '02', '', 'SUMATERA BARAT', 'DHARMASRAYA', 'PADANG LAWEH', 'SOPAN JAYA', 'JORONG BUMI RAYA'),
('1311030001000101', '13', '11', '030', '001', '0001', '01', '', 'SUMATERA BARAT', 'DHARMASRAYA', 'SITIUNG', 'SITIUNG', 'JORONG SITIUNG'),
('1311030001000102', '13', '11', '030', '001', '0001', '02', '', 'SUMATERA BARAT', 'DHARMASRAYA', 'SITIUNG', 'SITIUNG', 'JORONG SITIUNG'),
('1311030001000201', '13', '11', '030', '001', '0002', '01', '', 'SUMATERA BARAT', 'DHARMASRAYA', 'SITIUNG', 'SITIUNG', 'JORONG KOTO SITIUNG'),
('1311030001000202', '13', '11', '030', '001', '0002', '02', '', 'SUMATERA BARAT', 'DHARMASRAYA', 'SITIUNG', 'SITIUNG', 'JORONG KOTO SITIUNG'),
('1311030001000300', '13', '11', '030', '001', '0003', '00', '', 'SUMATERA BARAT', 'DHARMASRAYA', 'SITIUNG', 'SITIUNG', 'JORONG SITIUNG TANGAH'),
('1311030001000401', '13', '11', '030', '001', '0004', '01', '', 'SUMATERA BARAT', 'DHARMASRAYA', 'SITIUNG', 'SITIUNG', 'JORONG SITIUNG AGUNG'),
('1311030001000402', '13', '11', '030', '001', '0004', '02', '', 'SUMATERA BARAT', 'DHARMASRAYA', 'SITIUNG', 'SITIUNG', 'JORONG SITIUNG AGUNG'),
('1311030001000500', '13', '11', '030', '001', '0005', '00', '', 'SUMATERA BARAT', 'DHARMASRAYA', 'SITIUNG', 'SITIUNG', 'JORONG SUNGAI BAI'),
('1311030001000600', '13', '11', '030', '001', '0006', '00', '', 'SUMATERA BARAT', 'DHARMASRAYA', 'SITIUNG', 'SITIUNG', 'JORONG PULAI'),
('1311030001000701', '13', '11', '030', '001', '0007', '01', '', 'SUMATERA BARAT', 'DHARMASRAYA', 'SITIUNG', 'SITIUNG', 'JORONG PIRUKO SELATAN'),
('1311030001000702', '13', '11', '030', '001', '0007', '02', '', 'SUMATERA BARAT', 'DHARMASRAYA', 'SITIUNG', 'SITIUNG', 'JORONG PIRUKO SELATAN'),
('1311030001000801', '13', '11', '030', '001', '0008', '01', '', 'SUMATERA BARAT', 'DHARMASRAYA', 'SITIUNG', 'SITIUNG', 'JORONG PIRUKO TENGAH'),
('1311030001000802', '13', '11', '030', '001', '0008', '02', '', 'SUMATERA BARAT', 'DHARMASRAYA', 'SITIUNG', 'SITIUNG', 'JORONG PIRUKO TENGAH'),
('1311030001000900', '13', '11', '030', '001', '0009', '00', '', 'SUMATERA BARAT', 'DHARMASRAYA', 'SITIUNG', 'SITIUNG', 'JORONG PIRUKO TIMUR'),
('1311030001001001', '13', '11', '030', '001', '0010', '01', '', 'SUMATERA BARAT', 'DHARMASRAYA', 'SITIUNG', 'SITIUNG', 'JORONG PIRUKO UTARA'),
('1311030001001002', '13', '11', '030', '001', '0010', '02', '', 'SUMATERA BARAT', 'DHARMASRAYA', 'SITIUNG', 'SITIUNG', 'JORONG PIRUKO UTARA'),
('1311030001001101', '13', '11', '030', '001', '0011', '01', '', 'SUMATERA BARAT', 'DHARMASRAYA', 'SITIUNG', 'SITIUNG', 'JORONG LAWAI'),
('1311030001001102', '13', '11', '030', '001', '0011', '02', '', 'SUMATERA BARAT', 'DHARMASRAYA', 'SITIUNG', 'SITIUNG', 'JORONG LAWAI'),
('1311030001001201', '13', '11', '030', '001', '0012', '01', '', 'SUMATERA BARAT', 'DHARMASRAYA', 'SITIUNG', 'SITIUNG', 'JORONG PISANG REBUS'),
('1311030001001202', '13', '11', '030', '001', '0012', '02', '', 'SUMATERA BARAT', 'DHARMASRAYA', 'SITIUNG', 'SITIUNG', 'JORONG PISANG REBUS'),
('1311030001001203', '13', '11', '030', '001', '0012', '03', '', 'SUMATERA BARAT', 'DHARMASRAYA', 'SITIUNG', 'SITIUNG', 'JORONG PISANG REBUS'),
('1311030001001301', '13', '11', '030', '001', '0013', '01', '', 'SUMATERA BARAT', 'DHARMASRAYA', 'SITIUNG', 'SITIUNG', 'JORONG PADANG SIDONDANG'),
('1311030001001302', '13', '11', '030', '001', '0013', '02', '', 'SUMATERA BARAT', 'DHARMASRAYA', 'SITIUNG', 'SITIUNG', 'JORONG PADANG SIDONDANG'),
('1311030002000100', '13', '11', '030', '002', '0001', '00', '', 'SUMATERA BARAT', 'DHARMASRAYA', 'SITIUNG', 'SIGUNTUR', 'JORONG SIGUNTUR SATU'),
('1311030002000200', '13', '11', '030', '002', '0002', '00', '', 'SUMATERA BARAT', 'DHARMASRAYA', 'SITIUNG', 'SIGUNTUR', 'JORONG SIGUNTUR ATEH'),
('1311030002000300', '13', '11', '030', '002', '0003', '00', '', 'SUMATERA BARAT', 'DHARMASRAYA', 'SITIUNG', 'SIGUNTUR', 'JORONG SIGUNTUR DUA'),
('1311030002000400', '13', '11', '030', '002', '0004', '00', '', 'SUMATERA BARAT', 'DHARMASRAYA', 'SITIUNG', 'SIGUNTUR', 'JORONG SIGUNTUR RANAH'),
('1311030002000500', '13', '11', '030', '002', '0005', '00', '', 'SUMATERA BARAT', 'DHARMASRAYA', 'SITIUNG', 'SIGUNTUR', 'JORONG PALAYANGAN'),
('1311030002000600', '13', '11', '030', '002', '0006', '00', '', 'SUMATERA BARAT', 'DHARMASRAYA', 'SITIUNG', 'SIGUNTUR', 'JORONG TARATAK'),
('1311030002000700', '13', '11', '030', '002', '0007', '00', '', 'SUMATERA BARAT', 'DHARMASRAYA', 'SITIUNG', 'SIGUNTUR', 'JORONG TARATAK TANGAH'),
('1311030002000800', '13', '11', '030', '002', '0008', '00', '', 'SUMATERA BARAT', 'DHARMASRAYA', 'SITIUNG', 'SIGUNTUR', 'JORONG TARATAK RAWANG PARUPUAK'),
('1311030002000900', '13', '11', '030', '002', '0009', '00', '', 'SUMATERA BARAT', 'DHARMASRAYA', 'SITIUNG', 'SIGUNTUR', 'JORONG TARATAK BALAI SALASA'),
('1311030002001000', '13', '11', '030', '002', '0010', '00', '', 'SUMATERA BARAT', 'DHARMASRAYA', 'SITIUNG', 'SIGUNTUR', 'JORONG KOTO TUO'),
('1311030002001100', '13', '11', '030', '002', '0011', '00', '', 'SUMATERA BARAT', 'DHARMASRAYA', 'SITIUNG', 'SIGUNTUR', 'JORONG BALAI JANGGO'),
('1311030002001200', '13', '11', '030', '002', '0012', '00', '', 'SUMATERA BARAT', 'DHARMASRAYA', 'SITIUNG', 'SIGUNTUR', 'JORONG KOTO TUO BARAT'),
('1311030002001300', '13', '11', '030', '002', '0013', '00', '', 'SUMATERA BARAT', 'DHARMASRAYA', 'SITIUNG', 'SIGUNTUR', 'JORONG SILULUK'),
('1311030002001400', '13', '11', '030', '002', '0014', '00', '', 'SUMATERA BARAT', 'DHARMASRAYA', 'SITIUNG', 'SIGUNTUR', 'JORONG PADANG TITIAN UREK'),
('1311030002001500', '13', '11', '030', '002', '0015', '00', '', 'SUMATERA BARAT', 'DHARMASRAYA', 'SITIUNG', 'SIGUNTUR', 'JORONG SUNGAI LANGSEK'),
('1311030002001600', '13', '11', '030', '002', '0016', '00', '', 'SUMATERA BARAT', 'DHARMASRAYA', 'SITIUNG', 'SIGUNTUR', 'JORONG PADANG ROCO'),
('1311030004000100', '13', '11', '030', '004', '0001', '00', '', 'SUMATERA BARAT', 'DHARMASRAYA', 'SITIUNG', 'GUNUNG MEDAN', 'JORONG LUBUK AUR'),
('1311030004000200', '13', '11', '030', '004', '0002', '00', '', 'SUMATERA BARAT', 'DHARMASRAYA', 'SITIUNG', 'GUNUNG MEDAN', 'JORONG KARYATAMA'),
('1311030004000301', '13', '11', '030', '004', '0003', '01', '', 'SUMATERA BARAT', 'DHARMASRAYA', 'SITIUNG', 'GUNUNG MEDAN', 'JORONG BUNGO TANJUNG'),
('1311030004000302', '13', '11', '030', '004', '0003', '02', '', 'SUMATERA BARAT', 'DHARMASRAYA', 'SITIUNG', 'GUNUNG MEDAN', 'JORONG BUNGO TANJUNG'),
('1311030004000401', '13', '11', '030', '004', '0004', '01', '', 'SUMATERA BARAT', 'DHARMASRAYA', 'SITIUNG', 'GUNUNG MEDAN', 'JORONG KAMPUNG DONDAN'),
('1311030004000402', '13', '11', '030', '004', '0004', '02', '', 'SUMATERA BARAT', 'DHARMASRAYA', 'SITIUNG', 'GUNUNG MEDAN', 'JORONG KAMPUNG DONDAN'),
('1311030004000501', '13', '11', '030', '004', '0005', '01', '', 'SUMATERA BARAT', 'DHARMASRAYA', 'SITIUNG', 'GUNUNG MEDAN', 'JORONG KOTO'),
('1311030004000502', '13', '11', '030', '004', '0005', '02', '', 'SUMATERA BARAT', 'DHARMASRAYA', 'SITIUNG', 'GUNUNG MEDAN', 'JORONG KOTO'),
('1311030004000503', '13', '11', '030', '004', '0005', '03', '', 'SUMATERA BARAT', 'DHARMASRAYA', 'SITIUNG', 'GUNUNG MEDAN', 'JORONG KOTO'),
('1311030004000601', '13', '11', '030', '004', '0006', '01', '', 'SUMATERA BARAT', 'DHARMASRAYA', 'SITIUNG', 'GUNUNG MEDAN', 'JORONG SEBERANG MIMPI'),
('1311030004000602', '13', '11', '030', '004', '0006', '02', '', 'SUMATERA BARAT', 'DHARMASRAYA', 'SITIUNG', 'GUNUNG MEDAN', 'JORONG SEBERANG MIMPI'),
('1311030004000603', '13', '11', '030', '004', '0006', '03', '', 'SUMATERA BARAT', 'DHARMASRAYA', 'SITIUNG', 'GUNUNG MEDAN', 'JORONG SEBERANG MIMPI'),
('1311030004000701', '13', '11', '030', '004', '0007', '01', '', 'SUMATERA BARAT', 'DHARMASRAYA', 'SITIUNG', 'GUNUNG MEDAN', 'JORONG PALO TABEK'),
('1311030004000702', '13', '11', '030', '004', '0007', '02', '', 'SUMATERA BARAT', 'DHARMASRAYA', 'SITIUNG', 'GUNUNG MEDAN', 'JORONG PALO TABEK'),
('1311030004000703', '13', '11', '030', '004', '0007', '03', '', 'SUMATERA BARAT', 'DHARMASRAYA', 'SITIUNG', 'GUNUNG MEDAN', 'JORONG PALO TABEK'),
('1311030004000801', '13', '11', '030', '004', '0008', '01', '', 'SUMATERA BARAT', 'DHARMASRAYA', 'SITIUNG', 'GUNUNG MEDAN', 'JORONG GANTIANG'),
('1311030004000802', '13', '11', '030', '004', '0008', '02', '', 'SUMATERA BARAT', 'DHARMASRAYA', 'SITIUNG', 'GUNUNG MEDAN', 'JORONG GANTIANG'),
('1311030004000803', '13', '11', '030', '004', '0008', '03', '', 'SUMATERA BARAT', 'DHARMASRAYA', 'SITIUNG', 'GUNUNG MEDAN', 'JORONG GANTIANG'),
('1311030005000100', '13', '11', '030', '005', '0001', '00', '', 'SUMATERA BARAT', 'DHARMASRAYA', 'SITIUNG', 'SUNGAI DUO', 'JORONG LUBUK PANJANG'),
('1311030005000200', '13', '11', '030', '005', '0002', '00', '', 'SUMATERA BARAT', 'DHARMASRAYA', 'SITIUNG', 'SUNGAI DUO', 'JORONG KOTO DAULAT'),
('1311030005000300', '13', '11', '030', '005', '0003', '00', '', 'SUMATERA BARAT', 'DHARMASRAYA', 'SITIUNG', 'SUNGAI DUO', 'JORONG SUNGAI DUO'),
('1311030005000401', '13', '11', '030', '005', '0004', '01', '', 'SUMATERA BARAT', 'DHARMASRAYA', 'SITIUNG', 'SUNGAI DUO', 'JORONG SUNGAI NAPAU'),
('1311030005000402', '13', '11', '030', '005', '0004', '02', '', 'SUMATERA BARAT', 'DHARMASRAYA', 'SITIUNG', 'SUNGAI DUO', 'JORONG SUNGAI NAPAU'),
('1311030005000501', '13', '11', '030', '005', '0005', '01', '', 'SUMATERA BARAT', 'DHARMASRAYA', 'SITIUNG', 'SUNGAI DUO', 'JORONG SUNGAI SALAK'),
('1311030005000502', '13', '11', '030', '005', '0005', '02', '', 'SUMATERA BARAT', 'DHARMASRAYA', 'SITIUNG', 'SUNGAI DUO', 'JORONG SUNGAI SALAK'),
('1311030005000503', '13', '11', '030', '005', '0005', '03', '', 'SUMATERA BARAT', 'DHARMASRAYA', 'SITIUNG', 'SUNGAI DUO', 'JORONG SUNGAI SALAK'),
('1311030005000601', '13', '11', '030', '005', '0006', '01', '', 'SUMATERA BARAT', 'DHARMASRAYA', 'SITIUNG', 'SUNGAI DUO', 'JORONG KARTIKA INDAH'),
('1311030005000602', '13', '11', '030', '005', '0006', '02', '', 'SUMATERA BARAT', 'DHARMASRAYA', 'SITIUNG', 'SUNGAI DUO', 'JORONG KARTIKA INDAH'),
('1311030005000701', '13', '11', '030', '005', '0007', '01', '', 'SUMATERA BARAT', 'DHARMASRAYA', 'SITIUNG', 'SUNGAI DUO', 'JORONG KOTO AGUNG KIRI'),
('1311030005000702', '13', '11', '030', '005', '0007', '02', '', 'SUMATERA BARAT', 'DHARMASRAYA', 'SITIUNG', 'SUNGAI DUO', 'JORONG KOTO AGUNG KIRI'),
('1311030005000703', '13', '11', '030', '005', '0007', '03', '', 'SUMATERA BARAT', 'DHARMASRAYA', 'SITIUNG', 'SUNGAI DUO', 'JORONG KOTO AGUNG KIRI'),
('1311030005000801', '13', '11', '030', '005', '0008', '01', '', 'SUMATERA BARAT', 'DHARMASRAYA', 'SITIUNG', 'SUNGAI DUO', 'JORONG MARGO MULYO'),
('1311030005000802', '13', '11', '030', '005', '0008', '02', '', 'SUMATERA BARAT', 'DHARMASRAYA', 'SITIUNG', 'SUNGAI DUO', 'JORONG MARGO MULYO'),
('1311030005000901', '13', '11', '030', '005', '0009', '01', '', 'SUMATERA BARAT', 'DHARMASRAYA', 'SITIUNG', 'SUNGAI DUO', 'JORONG HARAPAN MAJU'),
('1311030005000902', '13', '11', '030', '005', '0009', '02', '', 'SUMATERA BARAT', 'DHARMASRAYA', 'SITIUNG', 'SUNGAI DUO', 'JORONG HARAPAN MAJU'),
('1311030005001000', '13', '11', '030', '005', '0010', '00', '', 'SUMATERA BARAT', 'DHARMASRAYA', 'SITIUNG', 'SUNGAI DUO', 'JORONG KOTO AGUNG KANAN'),
('1311030005001101', '13', '11', '030', '005', '0011', '01', '', 'SUMATERA BARAT', 'DHARMASRAYA', 'SITIUNG', 'SUNGAI DUO', 'JORONG CANDRA KIRANA'),
('1311030005001102', '13', '11', '030', '005', '0011', '02', '', 'SUMATERA BARAT', 'DHARMASRAYA', 'SITIUNG', 'SUNGAI DUO', 'JORONG CANDRA KIRANA'),
('1311030005001200', '13', '11', '030', '005', '0012', '00', '', 'SUMATERA BARAT', 'DHARMASRAYA', 'SITIUNG', 'SUNGAI DUO', 'JORONG KARYA BUDAYA BARAT'),
('1311030005001301', '13', '11', '030', '005', '0013', '01', '', 'SUMATERA BARAT', 'DHARMASRAYA', 'SITIUNG', 'SUNGAI DUO', 'JORONG KARYA BUDAYA TIMUR'),
('1311030005001302', '13', '11', '030', '005', '0013', '02', '', 'SUMATERA BARAT', 'DHARMASRAYA', 'SITIUNG', 'SUNGAI DUO', 'JORONG KARYA BUDAYA TIMUR'),
('1311030005001401', '13', '11', '030', '005', '0014', '01', '', 'SUMATERA BARAT', 'DHARMASRAYA', 'SITIUNG', 'SUNGAI DUO', 'JORONG TELUK SIKAI'),
('1311030005001402', '13', '11', '030', '005', '0014', '02', '', 'SUMATERA BARAT', 'DHARMASRAYA', 'SITIUNG', 'SUNGAI DUO', 'JORONG TELUK SIKAI'),
('1311030005001501', '13', '11', '030', '005', '0015', '01', '', 'SUMATERA BARAT', 'DHARMASRAYA', 'SITIUNG', 'SUNGAI DUO', 'JORONG TAMAN SARI'),
('1311030005001502', '13', '11', '030', '005', '0015', '02', '', 'SUMATERA BARAT', 'DHARMASRAYA', 'SITIUNG', 'SUNGAI DUO', 'JORONG TAMAN SARI'),
('1311031001000101', '13', '11', '031', '001', '0001', '01', '', 'SUMATERA BARAT', 'DHARMASRAYA', 'TIMPEH', 'PANYUBARANGAN', 'JORONG TRIMULYA SARI'),
('1311031001000102', '13', '11', '031', '001', '0001', '02', '', 'SUMATERA BARAT', 'DHARMASRAYA', 'TIMPEH', 'PANYUBARANGAN', 'JORONG TRIMULYA SARI'),
('1311031001000200', '13', '11', '031', '001', '0002', '00', '', 'SUMATERA BARAT', 'DHARMASRAYA', 'TIMPEH', 'PANYUBARANGAN', 'JORONG TRIMULYA SATU'),
('1311031001000301', '13', '11', '031', '001', '0003', '01', '', 'SUMATERA BARAT', 'DHARMASRAYA', 'TIMPEH', 'PANYUBARANGAN', 'JORONG TRIMULYA DUA'),
('1311031001000302', '13', '11', '031', '001', '0003', '02', '', 'SUMATERA BARAT', 'DHARMASRAYA', 'TIMPEH', 'PANYUBARANGAN', 'JORONG TRIMULYA DUA'),
('1311031001000401', '13', '11', '031', '001', '0004', '01', '', 'SUMATERA BARAT', 'DHARMASRAYA', 'TIMPEH', 'PANYUBARANGAN', 'JORONG MULYA JAYA'),
('1311031001000402', '13', '11', '031', '001', '0004', '02', '', 'SUMATERA BARAT', 'DHARMASRAYA', 'TIMPEH', 'PANYUBARANGAN', 'JORONG MULYA JAYA'),
('1311031001000500', '13', '11', '031', '001', '0005', '00', '', 'SUMATERA BARAT', 'DHARMASRAYA', 'TIMPEH', 'PANYUBARANGAN', 'JORONG TRIMULYA TIGA'),
('1311031001000600', '13', '11', '031', '001', '0006', '00', '', 'SUMATERA BARAT', 'DHARMASRAYA', 'TIMPEH', 'PANYUBARANGAN', 'JORONG MULYA BARU'),
('1311031001000700', '13', '11', '031', '001', '0007', '00', '', 'SUMATERA BARAT', 'DHARMASRAYA', 'TIMPEH', 'PANYUBARANGAN', 'JORONG SUKAJADI'),
('1311031001000801', '13', '11', '031', '001', '0008', '01', '', 'SUMATERA BARAT', 'DHARMASRAYA', 'TIMPEH', 'PANYUBARANGAN', 'JORONG PANYUBRANGAN'),
('1311031001000802', '13', '11', '031', '001', '0008', '02', '', 'SUMATERA BARAT', 'DHARMASRAYA', 'TIMPEH', 'PANYUBARANGAN', 'JORONG PANYUBRANGAN'),
('1311031002000100', '13', '11', '031', '002', '0001', '00', '', 'SUMATERA BARAT', 'DHARMASRAYA', 'TIMPEH', 'TABEK', 'JORONG TABEK MAJU'),
('1311031002000200', '13', '11', '031', '002', '0002', '00', '', 'SUMATERA BARAT', 'DHARMASRAYA', 'TIMPEH', 'TABEK', 'JORONG TABEK JAYA'),
('1311031002000300', '13', '11', '031', '002', '0003', '00', '', 'SUMATERA BARAT', 'DHARMASRAYA', 'TIMPEH', 'TABEK', 'JORONG LUBUK PENDO'),
('1311031002000400', '13', '11', '031', '002', '0004', '00', '', 'SUMATERA BARAT', 'DHARMASRAYA', 'TIMPEH', 'TABEK', 'JORONG SUKA MULIA TINGGI'),
('1311031002000500', '13', '11', '031', '002', '0005', '00', '', 'SUMATERA BARAT', 'DHARMASRAYA', 'TIMPEH', 'TABEK', 'JORONG MULIA JAYA'),
('1311031002000601', '13', '11', '031', '002', '0006', '01', '', 'SUMATERA BARAT', 'DHARMASRAYA', 'TIMPEH', 'TABEK', 'JORONG PINANG JAYA'),
('1311031002000602', '13', '11', '031', '002', '0006', '02', '', 'SUMATERA BARAT', 'DHARMASRAYA', 'TIMPEH', 'TABEK', 'JORONG PINANG JAYA'),
('1311031002000701', '13', '11', '031', '002', '0007', '01', '', 'SUMATERA BARAT', 'DHARMASRAYA', 'TIMPEH', 'TABEK', 'JORONG PINANG MAKMUR'),
('1311031002000702', '13', '11', '031', '002', '0007', '02', '', 'SUMATERA BARAT', 'DHARMASRAYA', 'TIMPEH', 'TABEK', 'JORONG PINANG MAKMUR'),
('1311031002000801', '13', '11', '031', '002', '0008', '01', '', 'SUMATERA BARAT', 'DHARMASRAYA', 'TIMPEH', 'TABEK', 'JORONG SUMBER MAKMUR'),
('1311031002000802', '13', '11', '031', '002', '0008', '02', '', 'SUMATERA BARAT', 'DHARMASRAYA', 'TIMPEH', 'TABEK', 'JORONG SUMBER MAKMUR'),
('1311031002000803', '13', '11', '031', '002', '0008', '03', '', 'SUMATERA BARAT', 'DHARMASRAYA', 'TIMPEH', 'TABEK', 'JORONG SUMBER MAKMUR'),
('1311031003000100', '13', '11', '031', '003', '0001', '00', '', 'SUMATERA BARAT', 'DHARMASRAYA', 'TIMPEH', 'TIMPEH', 'JORONG SUNGAI BULIAN'),
('1311031003000200', '13', '11', '031', '003', '0002', '00', '', 'SUMATERA BARAT', 'DHARMASRAYA', 'TIMPEH', 'TIMPEH', 'JORONG KOTO TENGAH'),
('1311031003000300', '13', '11', '031', '003', '0003', '00', '', 'SUMATERA BARAT', 'DHARMASRAYA', 'TIMPEH', 'TIMPEH', 'JORONG KOTO HILIR'),
('1311031003000400', '13', '11', '031', '003', '0004', '00', '', 'SUMATERA BARAT', 'DHARMASRAYA', 'TIMPEH', 'TIMPEH', 'JORONG SUNGAI PINANG'),
('1311031004000101', '13', '11', '031', '004', '0001', '01', '', 'SUMATERA BARAT', 'DHARMASRAYA', 'TIMPEH', 'TARATAK TINGGI', 'JORONG MARGA MAKMUR'),
('1311031004000102', '13', '11', '031', '004', '0001', '02', '', 'SUMATERA BARAT', 'DHARMASRAYA', 'TIMPEH', 'TARATAK TINGGI', 'JORONG MARGA MAKMUR'),
('1311031004000201', '13', '11', '031', '004', '0002', '01', '', 'SUMATERA BARAT', 'DHARMASRAYA', 'TIMPEH', 'TARATAK TINGGI', 'JORONG MARGA MAKMUR I'),
('1311031004000202', '13', '11', '031', '004', '0002', '02', '', 'SUMATERA BARAT', 'DHARMASRAYA', 'TIMPEH', 'TARATAK TINGGI', 'JORONG MARGA MAKMUR I'),
('1311031004000300', '13', '11', '031', '004', '0003', '00', '', 'SUMATERA BARAT', 'DHARMASRAYA', 'TIMPEH', 'TARATAK TINGGI', 'JORONG MARGA MAKMUR II'),
('1311031004000400', '13', '11', '031', '004', '0004', '00', '', 'SUMATERA BARAT', 'DHARMASRAYA', 'TIMPEH', 'TARATAK TINGGI', 'JORONG MARGA MAKMUR III'),
('1311031004000500', '13', '11', '031', '004', '0005', '00', '', 'SUMATERA BARAT', 'DHARMASRAYA', 'TIMPEH', 'TARATAK TINGGI', 'JORONG MARGA JAYA'),
('1311031004000600', '13', '11', '031', '004', '0006', '00', '', 'SUMATERA BARAT', 'DHARMASRAYA', 'TIMPEH', 'TARATAK TINGGI', 'JORONG GUNUNG TALANG'),
('1311031004000701', '13', '11', '031', '004', '0007', '01', '', 'SUMATERA BARAT', 'DHARMASRAYA', 'TIMPEH', 'TARATAK TINGGI', 'JORONG SAIYO'),
('1311031004000702', '13', '11', '031', '004', '0007', '02', '', 'SUMATERA BARAT', 'DHARMASRAYA', 'TIMPEH', 'TARATAK TINGGI', 'JORONG SAIYO'),
('1311031004000801', '13', '11', '031', '004', '0008', '01', '', 'SUMATERA BARAT', 'DHARMASRAYA', 'TIMPEH', 'TARATAK TINGGI', 'JORONG SAIYO I'),
('1311031004000802', '13', '11', '031', '004', '0008', '02', '', 'SUMATERA BARAT', 'DHARMASRAYA', 'TIMPEH', 'TARATAK TINGGI', 'JORONG SAIYO I'),
('1311031004000901', '13', '11', '031', '004', '0009', '01', '', 'SUMATERA BARAT', 'DHARMASRAYA', 'TIMPEH', 'TARATAK TINGGI', 'JORONG SAIYO II'),
('1311031004000902', '13', '11', '031', '004', '0009', '02', '', 'SUMATERA BARAT', 'DHARMASRAYA', 'TIMPEH', 'TARATAK TINGGI', 'JORONG SAIYO II'),
('1311031004001001', '13', '11', '031', '004', '0010', '01', '', 'SUMATERA BARAT', 'DHARMASRAYA', 'TIMPEH', 'TARATAK TINGGI', 'JORONG SAKATO'),
('1311031004001002', '13', '11', '031', '004', '0010', '02', '', 'SUMATERA BARAT', 'DHARMASRAYA', 'TIMPEH', 'TARATAK TINGGI', 'JORONG SAKATO'),
('1311031004001100', '13', '11', '031', '004', '0011', '00', '', 'SUMATERA BARAT', 'DHARMASRAYA', 'TIMPEH', 'TARATAK TINGGI', 'JORONG SAKATO I'),
('1311031004001201', '13', '11', '031', '004', '0012', '01', '', 'SUMATERA BARAT', 'DHARMASRAYA', 'TIMPEH', 'TARATAK TINGGI', 'JORONG SAKATO II'),
('1311031004001202', '13', '11', '031', '004', '0012', '02', '', 'SUMATERA BARAT', 'DHARMASRAYA', 'TIMPEH', 'TARATAK TINGGI', 'JORONG SAKATO II'),
('1311031005000100', '13', '11', '031', '005', '0001', '00', '', 'SUMATERA BARAT', 'DHARMASRAYA', 'TIMPEH', 'RANAH PALABI', 'JORONG RANAH MAKMUR'),
('1311031005000200', '13', '11', '031', '005', '0002', '00', '', 'SUMATERA BARAT', 'DHARMASRAYA', 'TIMPEH', 'RANAH PALABI', 'JORONG BUKIT SUBUR'),
('1311031005000300', '13', '11', '031', '005', '0003', '00', '', 'SUMATERA BARAT', 'DHARMASRAYA', 'TIMPEH', 'RANAH PALABI', 'JORONG SUNGAI PALABI'),
('1311031005000400', '13', '11', '031', '005', '0004', '00', '', 'SUMATERA BARAT', 'DHARMASRAYA', 'TIMPEH', 'RANAH PALABI', 'JORONG BANGUN ARGO'),
('1311031005000500', '13', '11', '031', '005', '0005', '00', '', 'SUMATERA BARAT', 'DHARMASRAYA', 'TIMPEH', 'RANAH PALABI', 'JORONG SUNGAI MANGGIS'),
('1311031005000600', '13', '11', '031', '005', '0006', '00', '', 'SUMATERA BARAT', 'DHARMASRAYA', 'TIMPEH', 'RANAH PALABI', 'JORONG BUKIT JAYA'),
('1311031005000700', '13', '11', '031', '005', '0007', '00', '', 'SUMATERA BARAT', 'DHARMASRAYA', 'TIMPEH', 'RANAH PALABI', 'JORONG SUNGAI TENANG'),
('1311031005000800', '13', '11', '031', '005', '0008', '00', '', 'SUMATERA BARAT', 'DHARMASRAYA', 'TIMPEH', 'RANAH PALABI', 'JORONG BUKIT TUJUH'),
('1311040003000101', '13', '11', '040', '003', '0001', '01', '', 'SUMATERA BARAT', 'DHARMASRAYA', 'PULAU PUNJUNG', 'IV KOTO PULAU PUNJUNG', 'JORONG PULAU PUNJUNG'),
('1311040003000102', '13', '11', '040', '003', '0001', '02', '', 'SUMATERA BARAT', 'DHARMASRAYA', 'PULAU PUNJUNG', 'IV KOTO PULAU PUNJUNG', 'JORONG PULAU PUNJUNG'),
('1311040003000201', '13', '11', '040', '003', '0002', '01', '', 'SUMATERA BARAT', 'DHARMASRAYA', 'PULAU PUNJUNG', 'IV KOTO PULAU PUNJUNG', 'JORONG TANJUNG LIMAU'),
('1311040003000202', '13', '11', '040', '003', '0002', '02', '', 'SUMATERA BARAT', 'DHARMASRAYA', 'PULAU PUNJUNG', 'IV KOTO PULAU PUNJUNG', 'JORONG TANJUNG LIMAU'),
('1311040003000301', '13', '11', '040', '003', '0003', '01', '', 'SUMATERA BARAT', 'DHARMASRAYA', 'PULAU PUNJUNG', 'IV KOTO PULAU PUNJUNG', 'JORONG PADANG DURI'),
('1311040003000302', '13', '11', '040', '003', '0003', '02', '', 'SUMATERA BARAT', 'DHARMASRAYA', 'PULAU PUNJUNG', 'IV KOTO PULAU PUNJUNG', 'JORONG PADANG DURI'),
('1311040003000401', '13', '11', '040', '003', '0004', '01', '', 'SUMATERA BARAT', 'DHARMASRAYA', 'PULAU PUNJUNG', 'IV KOTO PULAU PUNJUNG', 'JORONG RANAH PULAU PUNJUNG'),
('1311040003000402', '13', '11', '040', '003', '0004', '02', '', 'SUMATERA BARAT', 'DHARMASRAYA', 'PULAU PUNJUNG', 'IV KOTO PULAU PUNJUNG', 'JORONG RANAH PULAU PUNJUNG'),
('1311040003000403', '13', '11', '040', '003', '0004', '03', '', 'SUMATERA BARAT', 'DHARMASRAYA', 'PULAU PUNJUNG', 'IV KOTO PULAU PUNJUNG', 'JORONG RANAH PULAU PUNJUNG'),
('1311040003000501', '13', '11', '040', '003', '0005', '01', '', 'SUMATERA BARAT', 'DHARMASRAYA', 'PULAU PUNJUNG', 'IV KOTO PULAU PUNJUNG', 'JORONG KUBANG PANJANG'),
('1311040003000502', '13', '11', '040', '003', '0005', '02', '', 'SUMATERA BARAT', 'DHARMASRAYA', 'PULAU PUNJUNG', 'IV KOTO PULAU PUNJUNG', 'JORONG KUBANG PANJANG'),
('1311040003000503', '13', '11', '040', '003', '0005', '03', '', 'SUMATERA BARAT', 'DHARMASRAYA', 'PULAU PUNJUNG', 'IV KOTO PULAU PUNJUNG', 'JORONG KUBANG PANJANG'),
('1311040003000504', '13', '11', '040', '003', '0005', '04', '', 'SUMATERA BARAT', 'DHARMASRAYA', 'PULAU PUNJUNG', 'IV KOTO PULAU PUNJUNG', 'JORONG KUBANG PANJANG'),
('1311040003000505', '13', '11', '040', '003', '0005', '05', '', 'SUMATERA BARAT', 'DHARMASRAYA', 'PULAU PUNJUNG', 'IV KOTO PULAU PUNJUNG', 'JORONG KUBANG PANJANG'),
('1311040003000506', '13', '11', '040', '003', '0005', '06', '', 'SUMATERA BARAT', 'DHARMASRAYA', 'PULAU PUNJUNG', 'IV KOTO PULAU PUNJUNG', 'JORONG KUBANG PANJANG'),
('1311040003000601', '13', '11', '040', '003', '0006', '01', '', 'SUMATERA BARAT', 'DHARMASRAYA', 'PULAU PUNJUNG', 'IV KOTO PULAU PUNJUNG', 'JORONG PIKULAN'),
('1311040003000602', '13', '11', '040', '003', '0006', '02', '', 'SUMATERA BARAT', 'DHARMASRAYA', 'PULAU PUNJUNG', 'IV KOTO PULAU PUNJUNG', 'JORONG PIKULAN'),
('1311040003000701', '13', '11', '040', '003', '0007', '01', '', 'SUMATERA BARAT', 'DHARMASRAYA', 'PULAU PUNJUNG', 'IV KOTO PULAU PUNJUNG', 'JORONG KUBANG GAJAH'),
('1311040003000702', '13', '11', '040', '003', '0007', '02', '', 'SUMATERA BARAT', 'DHARMASRAYA', 'PULAU PUNJUNG', 'IV KOTO PULAU PUNJUNG', 'JORONG KUBANG GAJAH'),
('1311040003000801', '13', '11', '040', '003', '0008', '01', '', 'SUMATERA BARAT', 'DHARMASRAYA', 'PULAU PUNJUNG', 'IV KOTO PULAU PUNJUNG', 'JORONG TARATAK PULAU PUNJUNG'),
('1311040003000802', '13', '11', '040', '003', '0008', '02', '', 'SUMATERA BARAT', 'DHARMASRAYA', 'PULAU PUNJUNG', 'IV KOTO PULAU PUNJUNG', 'JORONG TARATAK PULAU PUNJUNG'),
('1311040003000803', '13', '11', '040', '003', '0008', '03', '', 'SUMATERA BARAT', 'DHARMASRAYA', 'PULAU PUNJUNG', 'IV KOTO PULAU PUNJUNG', 'JORONG TARATAK PULAU PUNJUNG'),
('1311040003000901', '13', '11', '040', '003', '0009', '01', '', 'SUMATERA BARAT', 'DHARMASRAYA', 'PULAU PUNJUNG', 'IV KOTO PULAU PUNJUNG', 'JORONG SIMPANG POGANG'),
('1311040003000902', '13', '11', '040', '003', '0009', '02', '', 'SUMATERA BARAT', 'DHARMASRAYA', 'PULAU PUNJUNG', 'IV KOTO PULAU PUNJUNG', 'JORONG SIMPANG POGANG'),
('1311040003001001', '13', '11', '040', '003', '0010', '01', '', 'SUMATERA BARAT', 'DHARMASRAYA', 'PULAU PUNJUNG', 'IV KOTO PULAU PUNJUNG', 'JORONG BUKIK SABOLAH'),
('1311040003001002', '13', '11', '040', '003', '0010', '02', '', 'SUMATERA BARAT', 'DHARMASRAYA', 'PULAU PUNJUNG', 'IV KOTO PULAU PUNJUNG', 'JORONG BUKIK SABOLAH'),
('1311040003001101', '13', '11', '040', '003', '0011', '01', '', 'SUMATERA BARAT', 'DHARMASRAYA', 'PULAU PUNJUNG', 'IV KOTO PULAU PUNJUNG', 'JORONG PASAR PULAU PUNJUNG'),
('1311040003001102', '13', '11', '040', '003', '0011', '02', '', 'SUMATERA BARAT', 'DHARMASRAYA', 'PULAU PUNJUNG', 'IV KOTO PULAU PUNJUNG', 'JORONG PASAR PULAU PUNJUNG'),
('1311040003001103', '13', '11', '040', '003', '0011', '03', '', 'SUMATERA BARAT', 'DHARMASRAYA', 'PULAU PUNJUNG', 'IV KOTO PULAU PUNJUNG', 'JORONG PASAR PULAU PUNJUNG'),
('1311040003001201', '13', '11', '040', '003', '0012', '01', '', 'SUMATERA BARAT', 'DHARMASRAYA', 'PULAU PUNJUNG', 'IV KOTO PULAU PUNJUNG', 'JORONG TABEK'),
('1311040003001202', '13', '11', '040', '003', '0012', '02', '', 'SUMATERA BARAT', 'DHARMASRAYA', 'PULAU PUNJUNG', 'IV KOTO PULAU PUNJUNG', 'JORONG TABEK'),
('1311040004000101', '13', '11', '040', '004', '0001', '01', '', 'SUMATERA BARAT', 'DHARMASRAYA', 'PULAU PUNJUNG', 'SUNGAI DAREH', 'JORONG AMPANG KAMANG'),
('1311040004000102', '13', '11', '040', '004', '0001', '02', '', 'SUMATERA BARAT', 'DHARMASRAYA', 'PULAU PUNJUNG', 'SUNGAI DAREH', 'JORONG AMPANG KAMANG'),
('1311040004000103', '13', '11', '040', '004', '0001', '03', '', 'SUMATERA BARAT', 'DHARMASRAYA', 'PULAU PUNJUNG', 'SUNGAI DAREH', 'JORONG AMPANG KAMANG'),
('1311040004000200', '13', '11', '040', '004', '0002', '00', '', 'SUMATERA BARAT', 'DHARMASRAYA', 'PULAU PUNJUNG', 'SUNGAI DAREH', 'JORONG SUNGAI KILANGAN'),
('1311040004000301', '13', '11', '040', '004', '0003', '01', '', 'SUMATERA BARAT', 'DHARMASRAYA', 'PULAU PUNJUNG', 'SUNGAI DAREH', 'JORONG SUNGAI SANGKIR'),
('1311040004000302', '13', '11', '040', '004', '0003', '02', '', 'SUMATERA BARAT', 'DHARMASRAYA', 'PULAU PUNJUNG', 'SUNGAI DAREH', 'JORONG SUNGAI SANGKIR'),
('1311040004000401', '13', '11', '040', '004', '0004', '01', '', 'SUMATERA BARAT', 'DHARMASRAYA', 'PULAU PUNJUNG', 'SUNGAI DAREH', 'JORONG RANAH MACANG'),
('1311040004000402', '13', '11', '040', '004', '0004', '02', '', 'SUMATERA BARAT', 'DHARMASRAYA', 'PULAU PUNJUNG', 'SUNGAI DAREH', 'JORONG RANAH MACANG'),
('1311040004000501', '13', '11', '040', '004', '0005', '01', '', 'SUMATERA BARAT', 'DHARMASRAYA', 'PULAU PUNJUNG', 'SUNGAI DAREH', 'JORONG RANAH'),
('1311040004000502', '13', '11', '040', '004', '0005', '02', '', 'SUMATERA BARAT', 'DHARMASRAYA', 'PULAU PUNJUNG', 'SUNGAI DAREH', 'JORONG RANAH'),
('1311040004000601', '13', '11', '040', '004', '0006', '01', '', 'SUMATERA BARAT', 'DHARMASRAYA', 'PULAU PUNJUNG', 'SUNGAI DAREH', 'JORONG KOTO TANGAH'),
('1311040004000602', '13', '11', '040', '004', '0006', '02', '', 'SUMATERA BARAT', 'DHARMASRAYA', 'PULAU PUNJUNG', 'SUNGAI DAREH', 'JORONG KOTO TANGAH'),
('1311040004000701', '13', '11', '040', '004', '0007', '01', '', 'SUMATERA BARAT', 'DHARMASRAYA', 'PULAU PUNJUNG', 'SUNGAI DAREH', 'JORONG KOTO GADANG'),
('1311040004000702', '13', '11', '040', '004', '0007', '02', '', 'SUMATERA BARAT', 'DHARMASRAYA', 'PULAU PUNJUNG', 'SUNGAI DAREH', 'JORONG KOTO GADANG'),
('1311040004000801', '13', '11', '040', '004', '0008', '01', '', 'SUMATERA BARAT', 'DHARMASRAYA', 'PULAU PUNJUNG', 'SUNGAI DAREH', 'JORONG RAWANG SAKO'),
('1311040004000802', '13', '11', '040', '004', '0008', '02', '', 'SUMATERA BARAT', 'DHARMASRAYA', 'PULAU PUNJUNG', 'SUNGAI DAREH', 'JORONG RAWANG SAKO'),
('1311040004000901', '13', '11', '040', '004', '0009', '01', '', 'SUMATERA BARAT', 'DHARMASRAYA', 'PULAU PUNJUNG', 'SUNGAI DAREH', 'JORONG PADANG CANDI'),
('1311040004000902', '13', '11', '040', '004', '0009', '02', '', 'SUMATERA BARAT', 'DHARMASRAYA', 'PULAU PUNJUNG', 'SUNGAI DAREH', 'JORONG PADANG CANDI'),
('1311040004000903', '13', '11', '040', '004', '0009', '03', '', 'SUMATERA BARAT', 'DHARMASRAYA', 'PULAU PUNJUNG', 'SUNGAI DAREH', 'JORONG PADANG CANDI'),
('1311040004001000', '13', '11', '040', '004', '0010', '00', '', 'SUMATERA BARAT', 'DHARMASRAYA', 'PULAU PUNJUNG', 'SUNGAI DAREH', 'JORONG BUKIK KOMPE'),
('1311040005000100', '13', '11', '040', '005', '0001', '00', '', 'SUMATERA BARAT', 'DHARMASRAYA', 'PULAU PUNJUNG', 'TEBING TINGGI', 'JORONG KOTO TEBING TINGGI'),
('1311040005000201', '13', '11', '040', '005', '0002', '01', '', 'SUMATERA BARAT', 'DHARMASRAYA', 'PULAU PUNJUNG', 'TEBING TINGGI', 'JORONG RANAH LINTAS'),
('1311040005000202', '13', '11', '040', '005', '0002', '02', '', 'SUMATERA BARAT', 'DHARMASRAYA', 'PULAU PUNJUNG', 'TEBING TINGGI', 'JORONG RANAH LINTAS'),
('1311040005000301', '13', '11', '040', '005', '0003', '01', '', 'SUMATERA BARAT', 'DHARMASRAYA', 'PULAU PUNJUNG', 'TEBING TINGGI', 'JORONG BATANG TABEK'),
('1311040005000302', '13', '11', '040', '005', '0003', '02', '', 'SUMATERA BARAT', 'DHARMASRAYA', 'PULAU PUNJUNG', 'TEBING TINGGI', 'JORONG BATANG TABEK'),
('1311040005000401', '13', '11', '040', '005', '0004', '01', '', 'SUMATERA BARAT', 'DHARMASRAYA', 'PULAU PUNJUNG', 'TEBING TINGGI', 'JORONG SIDO MULYO'),
('1311040005000402', '13', '11', '040', '005', '0004', '02', '', 'SUMATERA BARAT', 'DHARMASRAYA', 'PULAU PUNJUNG', 'TEBING TINGGI', 'JORONG SIDO MULYO'),
('1311040005000501', '13', '11', '040', '005', '0005', '01', '', 'SUMATERA BARAT', 'DHARMASRAYA', 'PULAU PUNJUNG', 'TEBING TINGGI', 'JORONG PADANG SARI'),
('1311040005000502', '13', '11', '040', '005', '0005', '02', '', 'SUMATERA BARAT', 'DHARMASRAYA', 'PULAU PUNJUNG', 'TEBING TINGGI', 'JORONG PADANG SARI'),
('1311040005000600', '13', '11', '040', '005', '0006', '00', '', 'SUMATERA BARAT', 'DHARMASRAYA', 'PULAU PUNJUNG', 'TEBING TINGGI', 'JORONG GANTING SIMAUNG'),
('1311040005000700', '13', '11', '040', '005', '0007', '00', '', 'SUMATERA BARAT', 'DHARMASRAYA', 'PULAU PUNJUNG', 'TEBING TINGGI', 'JORONG RANAH COLAU'),
('1311040006000101', '13', '11', '040', '006', '0001', '01', '', 'SUMATERA BARAT', 'DHARMASRAYA', 'PULAU PUNJUNG', 'SUNGAI KAMBUT', 'JORONG KOTO LAMO'),
('1311040006000102', '13', '11', '040', '006', '0001', '02', '', 'SUMATERA BARAT', 'DHARMASRAYA', 'PULAU PUNJUNG', 'SUNGAI KAMBUT', 'JORONG KOTO LAMO'),
('1311040006000201', '13', '11', '040', '006', '0002', '01', '', 'SUMATERA BARAT', 'DHARMASRAYA', 'PULAU PUNJUNG', 'SUNGAI KAMBUT', 'JORONG KOTO LAMO ATAS'),
('1311040006000202', '13', '11', '040', '006', '0002', '02', '', 'SUMATERA BARAT', 'DHARMASRAYA', 'PULAU PUNJUNG', 'SUNGAI KAMBUT', 'JORONG KOTO LAMO ATAS'),
('1311040006000301', '13', '11', '040', '006', '0003', '01', '', 'SUMATERA BARAT', 'DHARMASRAYA', 'PULAU PUNJUNG', 'SUNGAI KAMBUT', 'JORONG LABUH LURUS'),
('1311040006000302', '13', '11', '040', '006', '0003', '02', '', 'SUMATERA BARAT', 'DHARMASRAYA', 'PULAU PUNJUNG', 'SUNGAI KAMBUT', 'JORONG LABUH LURUS'),
('1311040006000303', '13', '11', '040', '006', '0003', '03', '', 'SUMATERA BARAT', 'DHARMASRAYA', 'PULAU PUNJUNG', 'SUNGAI KAMBUT', 'JORONG LABUH LURUS'),
('1311040006000401', '13', '11', '040', '006', '0004', '01', '', 'SUMATERA BARAT', 'DHARMASRAYA', 'PULAU PUNJUNG', 'SUNGAI KAMBUT', 'JORONG LAMBAU'),
('1311040006000402', '13', '11', '040', '006', '0004', '02', '', 'SUMATERA BARAT', 'DHARMASRAYA', 'PULAU PUNJUNG', 'SUNGAI KAMBUT', 'JORONG LAMBAU'),
('1311040006000501', '13', '11', '040', '006', '0005', '01', '', 'SUMATERA BARAT', 'DHARMASRAYA', 'PULAU PUNJUNG', 'SUNGAI KAMBUT', 'JORONG JAMBU LIPO'),
('1311040006000502', '13', '11', '040', '006', '0005', '02', '', 'SUMATERA BARAT', 'DHARMASRAYA', 'PULAU PUNJUNG', 'SUNGAI KAMBUT', 'JORONG JAMBU LIPO'),
('1311040006000503', '13', '11', '040', '006', '0005', '03', '', 'SUMATERA BARAT', 'DHARMASRAYA', 'PULAU PUNJUNG', 'SUNGAI KAMBUT', 'JORONG JAMBU LIPO'),
('1311040006000601', '13', '11', '040', '006', '0006', '01', '', 'SUMATERA BARAT', 'DHARMASRAYA', 'PULAU PUNJUNG', 'SUNGAI KAMBUT', 'JORONG KUMANI'),
('1311040006000602', '13', '11', '040', '006', '0006', '02', '', 'SUMATERA BARAT', 'DHARMASRAYA', 'PULAU PUNJUNG', 'SUNGAI KAMBUT', 'JORONG KUMANI'),
('1311040006000701', '13', '11', '040', '006', '0007', '01', '', 'SUMATERA BARAT', 'DHARMASRAYA', 'PULAU PUNJUNG', 'SUNGAI KAMBUT', 'JORONG PASIR PUTIAH'),
('1311040006000702', '13', '11', '040', '006', '0007', '02', '', 'SUMATERA BARAT', 'DHARMASRAYA', 'PULAU PUNJUNG', 'SUNGAI KAMBUT', 'JORONG PASIR PUTIAH'),
('1311040006000703', '13', '11', '040', '006', '0007', '03', '', 'SUMATERA BARAT', 'DHARMASRAYA', 'PULAU PUNJUNG', 'SUNGAI KAMBUT', 'JORONG PASIR PUTIAH'),
('1311040006000704', '13', '11', '040', '006', '0007', '04', '', 'SUMATERA BARAT', 'DHARMASRAYA', 'PULAU PUNJUNG', 'SUNGAI KAMBUT', 'JORONG PASIR PUTIAH'),
('1311040006000705', '13', '11', '040', '006', '0007', '05', '', 'SUMATERA BARAT', 'DHARMASRAYA', 'PULAU PUNJUNG', 'SUNGAI KAMBUT', 'JORONG PASIR PUTIAH'),
('1311040006000801', '13', '11', '040', '006', '0008', '01', '', 'SUMATERA BARAT', 'DHARMASRAYA', 'PULAU PUNJUNG', 'SUNGAI KAMBUT', 'JORONG SUNGAI NILI'),
('1311040006000802', '13', '11', '040', '006', '0008', '02', '', 'SUMATERA BARAT', 'DHARMASRAYA', 'PULAU PUNJUNG', 'SUNGAI KAMBUT', 'JORONG SUNGAI NILI'),
('1311040006000901', '13', '11', '040', '006', '0009', '01', '', 'SUMATERA BARAT', 'DHARMASRAYA', 'PULAU PUNJUNG', 'SUNGAI KAMBUT', 'JORONG MUARO MAU'),
('1311040006000902', '13', '11', '040', '006', '0009', '02', '', 'SUMATERA BARAT', 'DHARMASRAYA', 'PULAU PUNJUNG', 'SUNGAI KAMBUT', 'JORONG MUARO MAU'),
('1311040006001001', '13', '11', '040', '006', '0010', '01', '', 'SUMATERA BARAT', 'DHARMASRAYA', 'PULAU PUNJUNG', 'SUNGAI KAMBUT', 'JORONG PULAU SANGIK'),
('1311040006001002', '13', '11', '040', '006', '0010', '02', '', 'SUMATERA BARAT', 'DHARMASRAYA', 'PULAU PUNJUNG', 'SUNGAI KAMBUT', 'JORONG PULAU SANGIK'),
('1311040006001100', '13', '11', '040', '006', '0011', '00', '', 'SUMATERA BARAT', 'DHARMASRAYA', 'PULAU PUNJUNG', 'SUNGAI KAMBUT', 'JORONG MUARO MOMONG'),
('1311040006001200', '13', '11', '040', '006', '0012', '00', '', 'SUMATERA BARAT', 'DHARMASRAYA', 'PULAU PUNJUNG', 'SUNGAI KAMBUT', 'JORONG CIBARAU PANJANG'),
('1311040006001300', '13', '11', '040', '006', '0013', '00', '', 'SUMATERA BARAT', 'DHARMASRAYA', 'PULAU PUNJUNG', 'SUNGAI KAMBUT', 'JORONG KULIM BASISIAK'),
('1311040006001400', '13', '11', '040', '006', '0014', '00', '', 'SUMATERA BARAT', 'DHARMASRAYA', 'PULAU PUNJUNG', 'SUNGAI KAMBUT', 'JORONG SUNGAI KAMBUT DUA'),
('1311040007000100', '13', '11', '040', '007', '0001', '00', '', 'SUMATERA BARAT', 'DHARMASRAYA', 'PULAU PUNJUNG', 'GUNUNG SELASIH', 'JORONG LUBUK BULANG'),
('1311040007000201', '13', '11', '040', '007', '0002', '01', '', 'SUMATERA BARAT', 'DHARMASRAYA', 'PULAU PUNJUNG', 'GUNUNG SELASIH', 'JORONG KAMPUNG SURAU'),
('1311040007000202', '13', '11', '040', '007', '0002', '02', '', 'SUMATERA BARAT', 'DHARMASRAYA', 'PULAU PUNJUNG', 'GUNUNG SELASIH', 'JORONG KAMPUNG SURAU'),
('1311040007000300', '13', '11', '040', '007', '0003', '00', '', 'SUMATERA BARAT', 'DHARMASRAYA', 'PULAU PUNJUNG', 'GUNUNG SELASIH', 'JORONG SUNGAI BELIT'),
('1311040007000401', '13', '11', '040', '007', '0004', '01', '', 'SUMATERA BARAT', 'DHARMASRAYA', 'PULAU PUNJUNG', 'GUNUNG SELASIH', 'JORONG SIALANG'),
('1311040007000402', '13', '11', '040', '007', '0004', '02', '', 'SUMATERA BARAT', 'DHARMASRAYA', 'PULAU PUNJUNG', 'GUNUNG SELASIH', 'JORONG SIALANG'),
('1311040007000500', '13', '11', '040', '007', '0005', '00', '', 'SUMATERA BARAT', 'DHARMASRAYA', 'PULAU PUNJUNG', 'GUNUNG SELASIH', 'JORONG SIMPANG TIGO'),
('1311040007000600', '13', '11', '040', '007', '0006', '00', '', 'SUMATERA BARAT', 'DHARMASRAYA', 'PULAU PUNJUNG', 'GUNUNG SELASIH', 'JORONG SUNGAI LOMAK'),
('1311040007000700', '13', '11', '040', '007', '0007', '00', '', 'SUMATERA BARAT', 'DHARMASRAYA', 'PULAU PUNJUNG', 'GUNUNG SELASIH', 'JORONG BATU AGUNG'),
('1311040007000801', '13', '11', '040', '007', '0008', '01', '', 'SUMATERA BARAT', 'DHARMASRAYA', 'PULAU PUNJUNG', 'GUNUNG SELASIH', 'JORONG SIBUBUIK'),
('1311040007000802', '13', '11', '040', '007', '0008', '02', '', 'SUMATERA BARAT', 'DHARMASRAYA', 'PULAU PUNJUNG', 'GUNUNG SELASIH', 'JORONG SIBUBUIK'),
('1311040008000101', '13', '11', '040', '008', '0001', '01', '', 'SUMATERA BARAT', 'DHARMASRAYA', 'PULAU PUNJUNG', 'SIKABAU', 'JORONG PARIK TARAJAK'),
('1311040008000102', '13', '11', '040', '008', '0001', '02', '', 'SUMATERA BARAT', 'DHARMASRAYA', 'PULAU PUNJUNG', 'SIKABAU', 'JORONG PARIK TARAJAK'),
('1311040008000201', '13', '11', '040', '008', '0002', '01', '', 'SUMATERA BARAT', 'DHARMASRAYA', 'PULAU PUNJUNG', 'SIKABAU', 'JORONG KAPALO KOTO'),
('1311040008000202', '13', '11', '040', '008', '0002', '02', '', 'SUMATERA BARAT', 'DHARMASRAYA', 'PULAU PUNJUNG', 'SIKABAU', 'JORONG KAPALO KOTO'),
('1311040008000301', '13', '11', '040', '008', '0003', '01', '', 'SUMATERA BARAT', 'DHARMASRAYA', 'PULAU PUNJUNG', 'SIKABAU', 'JORONG TABEK PAMATANG'),
('1311040008000302', '13', '11', '040', '008', '0003', '02', '', 'SUMATERA BARAT', 'DHARMASRAYA', 'PULAU PUNJUNG', 'SIKABAU', 'JORONG TABEK PAMATANG'),
('1311040008000401', '13', '11', '040', '008', '0004', '01', '', 'SUMATERA BARAT', 'DHARMASRAYA', 'PULAU PUNJUNG', 'SIKABAU', 'JORONG KOTO SIKABAU'),
('1311040008000402', '13', '11', '040', '008', '0004', '02', '', 'SUMATERA BARAT', 'DHARMASRAYA', 'PULAU PUNJUNG', 'SIKABAU', 'JORONG KOTO SIKABAU'),
('1311040008000501', '13', '11', '040', '008', '0005', '01', '', 'SUMATERA BARAT', 'DHARMASRAYA', 'PULAU PUNJUNG', 'SIKABAU', 'JORONG BUKIT BARANGAN'),
('1311040008000502', '13', '11', '040', '008', '0005', '02', '', 'SUMATERA BARAT', 'DHARMASRAYA', 'PULAU PUNJUNG', 'SIKABAU', 'JORONG BUKIT BARANGAN'),
('1311040008000503', '13', '11', '040', '008', '0005', '03', '', 'SUMATERA BARAT', 'DHARMASRAYA', 'PULAU PUNJUNG', 'SIKABAU', 'JORONG BUKIT BARANGAN'),
('1311040008000504', '13', '11', '040', '008', '0005', '04', '', 'SUMATERA BARAT', 'DHARMASRAYA', 'PULAU PUNJUNG', 'SIKABAU', 'JORONG BUKIT BARANGAN'),
('1311040008000505', '13', '11', '040', '008', '0005', '05', '', 'SUMATERA BARAT', 'DHARMASRAYA', 'PULAU PUNJUNG', 'SIKABAU', 'JORONG BUKIT BARANGAN'),
('1311040008000601', '13', '11', '040', '008', '0006', '01', '', 'SUMATERA BARAT', 'DHARMASRAYA', 'PULAU PUNJUNG', 'SIKABAU', 'JORONG TANJUNG SALILOK'),
('1311040008000602', '13', '11', '040', '008', '0006', '02', '', 'SUMATERA BARAT', 'DHARMASRAYA', 'PULAU PUNJUNG', 'SIKABAU', 'JORONG TANJUNG SALILOK'),
('1311040008000603', '13', '11', '040', '008', '0006', '03', '', 'SUMATERA BARAT', 'DHARMASRAYA', 'PULAU PUNJUNG', 'SIKABAU', 'JORONG TANJUNG SALILOK'),
('1311040008000701', '13', '11', '040', '008', '0007', '01', '', 'SUMATERA BARAT', 'DHARMASRAYA', 'PULAU PUNJUNG', 'SIKABAU', 'JORONG KOTO PANJANG'),
('1311040008000702', '13', '11', '040', '008', '0007', '02', '', 'SUMATERA BARAT', 'DHARMASRAYA', 'PULAU PUNJUNG', 'SIKABAU', 'JORONG KOTO PANJANG'),
('1311040008000801', '13', '11', '040', '008', '0008', '01', '', 'SUMATERA BARAT', 'DHARMASRAYA', 'PULAU PUNJUNG', 'SIKABAU', 'JORONG KAMPUNG BARU'),
('1311040008000802', '13', '11', '040', '008', '0008', '02', '', 'SUMATERA BARAT', 'DHARMASRAYA', 'PULAU PUNJUNG', 'SIKABAU', 'JORONG KAMPUNG BARU'),
('1311040008000803', '13', '11', '040', '008', '0008', '03', '', 'SUMATERA BARAT', 'DHARMASRAYA', 'PULAU PUNJUNG', 'SIKABAU', 'JORONG KAMPUNG BARU'),
('1311040008000901', '13', '11', '040', '008', '0009', '01', '', 'SUMATERA BARAT', 'DHARMASRAYA', 'PULAU PUNJUNG', 'SIKABAU', 'JORONG SUNGAI SONSANG'),
('1311040008000902', '13', '11', '040', '008', '0009', '02', '', 'SUMATERA BARAT', 'DHARMASRAYA', 'PULAU PUNJUNG', 'SIKABAU', 'JORONG SUNGAI SONSANG'),
('1311040008000903', '13', '11', '040', '008', '0009', '03', '', 'SUMATERA BARAT', 'DHARMASRAYA', 'PULAU PUNJUNG', 'SIKABAU', 'JORONG SUNGAI SONSANG'),
('1311040008001001', '13', '11', '040', '008', '0010', '01', '', 'SUMATERA BARAT', 'DHARMASRAYA', 'PULAU PUNJUNG', 'SIKABAU', 'JORONG BUKIT MINDAWA'),
('1311040008001002', '13', '11', '040', '008', '0010', '02', '', 'SUMATERA BARAT', 'DHARMASRAYA', 'PULAU PUNJUNG', 'SIKABAU', 'JORONG BUKIT MINDAWA'),
('1311040008001100', '13', '11', '040', '008', '0011', '00', '', 'SUMATERA BARAT', 'DHARMASRAYA', 'PULAU PUNJUNG', 'SIKABAU', 'JORONG CAMPUR JAYA'),
('1311040008100101', '13', '11', '040', '008', '1001', '01', '', 'SUMATERA BARAT', 'DHARMASRAYA', 'PULAU PUNJUNG', 'SIKABAU', 'PT AWB'),
('1311040008100102', '13', '11', '040', '008', '1001', '02', '', 'SUMATERA BARAT', 'DHARMASRAYA', 'PULAU PUNJUNG', 'SIKABAU', 'PT AWB'),
('1311041001000100', '13', '11', '041', '001', '0001', '00', '', 'SUMATERA BARAT', 'DHARMASRAYA', 'IX KOTO', 'BANAI', 'JORONG BANAI'),
('1311041001000200', '13', '11', '041', '001', '0002', '00', '', 'SUMATERA BARAT', 'DHARMASRAYA', 'IX KOTO', 'BANAI', 'JORONG MONGGE SIUNG'),
('1311041001000300', '13', '11', '041', '001', '0003', '00', '', 'SUMATERA BARAT', 'DHARMASRAYA', 'IX KOTO', 'BANAI', 'JORONG MUDIK BANAI'),
('1311041001000400', '13', '11', '041', '001', '0004', '00', '', 'SUMATERA BARAT', 'DHARMASRAYA', 'IX KOTO', 'BANAI', 'JORONG MUDIK LAGO'),
('1311041001000500', '13', '11', '041', '001', '0005', '00', '', 'SUMATERA BARAT', 'DHARMASRAYA', 'IX KOTO', 'BANAI', 'JORONG MUDIK TALAOK'),
('1311041001000600', '13', '11', '041', '001', '0006', '00', '', 'SUMATERA BARAT', 'DHARMASRAYA', 'IX KOTO', 'BANAI', 'JORONG BUKIT KEMUNING'),
('1311041001000700', '13', '11', '041', '001', '0007', '00', '', 'SUMATERA BARAT', 'DHARMASRAYA', 'IX KOTO', 'BANAI', 'JORONG BUGAH'),
('1311041001000800', '13', '11', '041', '001', '0008', '00', '', 'SUMATERA BARAT', 'DHARMASRAYA', 'IX KOTO', 'BANAI', 'JORONG BUKIT NANEH'),
('1311041001000900', '13', '11', '041', '001', '0009', '00', '', 'SUMATERA BARAT', 'DHARMASRAYA', 'IX KOTO', 'BANAI', 'JORONG PADANG HILALANG'),
('1311041001001000', '13', '11', '041', '001', '0010', '00', '', 'SUMATERA BARAT', 'DHARMASRAYA', 'IX KOTO', 'BANAI', 'JORONG SUNGAI SIMPOLA'),
('1311041001001100', '13', '11', '041', '001', '0011', '00', '', 'SUMATERA BARAT', 'DHARMASRAYA', 'IX KOTO', 'BANAI', 'JORONG LUBUK PAUH'),
('1311041001001200', '13', '11', '041', '001', '0012', '00', '', 'SUMATERA BARAT', 'DHARMASRAYA', 'IX KOTO', 'BANAI', 'JORONG SUNGAI LIMAU'),
('1311041001001300', '13', '11', '041', '001', '0013', '00', '', 'SUMATERA BARAT', 'DHARMASRAYA', 'IX KOTO', 'BANAI', 'JORONG LUBUK LABU'),
('1311041002000100', '13', '11', '041', '002', '0001', '00', '', 'SUMATERA BARAT', 'DHARMASRAYA', 'IX KOTO', 'LUBUK KARAK', 'JORONG LUBUK KARAK');
INSERT INTO `wilayah` (`id`, `kd_prov`, `kd_kab`, `kd_kec`, `kd_des`, `kd_sls`, `kd_subsls`, `kd_bs`, `nm_prov`, `nm_kab`, `nm_kec`, `nm_des`, `nm_sls`) VALUES
('1311041002000200', '13', '11', '041', '002', '0002', '00', '', 'SUMATERA BARAT', 'DHARMASRAYA', 'IX KOTO', 'LUBUK KARAK', 'JORONG SUMANIK'),
('1311041002000300', '13', '11', '041', '002', '0003', '00', '', 'SUMATERA BARAT', 'DHARMASRAYA', 'IX KOTO', 'LUBUK KARAK', 'JORONG KOTO LAMO'),
('1311041002000400', '13', '11', '041', '002', '0004', '00', '', 'SUMATERA BARAT', 'DHARMASRAYA', 'IX KOTO', 'LUBUK KARAK', 'JORONG SIRAHO'),
('1311041002000500', '13', '11', '041', '002', '0005', '00', '', 'SUMATERA BARAT', 'DHARMASRAYA', 'IX KOTO', 'LUBUK KARAK', 'JORONG SUNGAI KAPUR'),
('1311041002000600', '13', '11', '041', '002', '0006', '00', '', 'SUMATERA BARAT', 'DHARMASRAYA', 'IX KOTO', 'LUBUK KARAK', 'JORONG SINGOLAN'),
('1311041003000101', '13', '11', '041', '003', '0001', '01', '', 'SUMATERA BARAT', 'DHARMASRAYA', 'IX KOTO', 'SILAGO', 'JORONG SILAGO'),
('1311041003000102', '13', '11', '041', '003', '0001', '02', '', 'SUMATERA BARAT', 'DHARMASRAYA', 'IX KOTO', 'SILAGO', 'JORONG SILAGO'),
('1311041003000200', '13', '11', '041', '003', '0002', '00', '', 'SUMATERA BARAT', 'DHARMASRAYA', 'IX KOTO', 'SILAGO', 'JORONG RANAH KAYU KALEK'),
('1311041003000300', '13', '11', '041', '003', '0003', '00', '', 'SUMATERA BARAT', 'DHARMASRAYA', 'IX KOTO', 'SILAGO', 'JORONG LUBUK BENUANG'),
('1311041003000400', '13', '11', '041', '003', '0004', '00', '', 'SUMATERA BARAT', 'DHARMASRAYA', 'IX KOTO', 'SILAGO', 'JORONG BUKIT DURIAN KUBANGAN'),
('1311041003000500', '13', '11', '041', '003', '0005', '00', '', 'SUMATERA BARAT', 'DHARMASRAYA', 'IX KOTO', 'SILAGO', 'JORONG AMPANG KURANJI'),
('1311041003000600', '13', '11', '041', '003', '0006', '00', '', 'SUMATERA BARAT', 'DHARMASRAYA', 'IX KOTO', 'SILAGO', 'JORONG AGUNG BATU'),
('1311041003000700', '13', '11', '041', '003', '0007', '00', '', 'SUMATERA BARAT', 'DHARMASRAYA', 'IX KOTO', 'SILAGO', 'JORONG PAKANI'),
('1311041003000800', '13', '11', '041', '003', '0008', '00', '', 'SUMATERA BARAT', 'DHARMASRAYA', 'IX KOTO', 'SILAGO', 'JORONG BATANG SINGOLAN SATU'),
('1311041004000101', '13', '11', '041', '004', '0001', '01', '', 'SUMATERA BARAT', 'DHARMASRAYA', 'IX KOTO', 'KOTO NAN IV DIBAWUAH', 'JORONG PULAU ANJOLAI'),
('1311041004000102', '13', '11', '041', '004', '0001', '02', '', 'SUMATERA BARAT', 'DHARMASRAYA', 'IX KOTO', 'KOTO NAN IV DIBAWUAH', 'JORONG PULAU ANJOLAI'),
('1311041004000200', '13', '11', '041', '004', '0002', '00', '', 'SUMATERA BARAT', 'DHARMASRAYA', 'IX KOTO', 'KOTO NAN IV DIBAWUAH', 'JORONG KOTO BARU'),
('1311041004000300', '13', '11', '041', '004', '0003', '00', '', 'SUMATERA BARAT', 'DHARMASRAYA', 'IX KOTO', 'KOTO NAN IV DIBAWUAH', 'JORONG SILOMBIK'),
('1311041004000400', '13', '11', '041', '004', '0004', '00', '', 'SUMATERA BARAT', 'DHARMASRAYA', 'IX KOTO', 'KOTO NAN IV DIBAWUAH', 'JORONG LAGAN'),
('1311041004000501', '13', '11', '041', '004', '0005', '01', '', 'SUMATERA BARAT', 'DHARMASRAYA', 'IX KOTO', 'KOTO NAN IV DIBAWUAH', 'JORONG LUBUK MANSAGU'),
('1311041004000502', '13', '11', '041', '004', '0005', '02', '', 'SUMATERA BARAT', 'DHARMASRAYA', 'IX KOTO', 'KOTO NAN IV DIBAWUAH', 'JORONG LUBUK MANSAGU'),
('1311041004000600', '13', '11', '041', '004', '0006', '00', '', 'SUMATERA BARAT', 'DHARMASRAYA', 'IX KOTO', 'KOTO NAN IV DIBAWUAH', 'JORONG DURIAN SIMPAI'),
('1311041004000700', '13', '11', '041', '004', '0007', '00', '', 'SUMATERA BARAT', 'DHARMASRAYA', 'IX KOTO', 'KOTO NAN IV DIBAWUAH', 'JORONG KOTO'),
('1311041004000800', '13', '11', '041', '004', '0008', '00', '', 'SUMATERA BARAT', 'DHARMASRAYA', 'IX KOTO', 'KOTO NAN IV DIBAWUAH', 'JORONG KUAT SAKATO');

--
-- Indexes for dumped tables
--

--
-- Indexes for table `anomali`
--
ALTER TABLE `anomali`
  ADD PRIMARY KEY (`id`);

--
-- Indexes for table `broadcasts`
--
ALTER TABLE `broadcasts`
  ADD PRIMARY KEY (`id`);

--
-- Indexes for table `comics`
--
ALTER TABLE `comics`
  ADD PRIMARY KEY (`id`,`updated_at`);

--
-- Indexes for table `kategori_anomali`
--
ALTER TABLE `kategori_anomali`
  ADD PRIMARY KEY (`id`);

--
-- Indexes for table `kegiatan`
--
ALTER TABLE `kegiatan`
  ADD PRIMARY KEY (`id`);

--
-- Indexes for table `rt_art`
--
ALTER TABLE `rt_art`
  ADD PRIMARY KEY (`id`);

--
-- Indexes for table `users`
--
ALTER TABLE `users`
  ADD PRIMARY KEY (`id`);

--
-- Indexes for table `wilayah`
--
ALTER TABLE `wilayah`
  ADD PRIMARY KEY (`id`);

--
-- AUTO_INCREMENT for dumped tables
--

--
-- AUTO_INCREMENT for table `anomali`
--
ALTER TABLE `anomali`
  MODIFY `id` int(11) NOT NULL AUTO_INCREMENT, AUTO_INCREMENT=202;

--
-- AUTO_INCREMENT for table `broadcasts`
--
ALTER TABLE `broadcasts`
  MODIFY `id` int(11) NOT NULL AUTO_INCREMENT, AUTO_INCREMENT=5;

--
-- AUTO_INCREMENT for table `comics`
--
ALTER TABLE `comics`
  MODIFY `id` int(11) NOT NULL AUTO_INCREMENT, AUTO_INCREMENT=16;

--
-- AUTO_INCREMENT for table `kategori_anomali`
--
ALTER TABLE `kategori_anomali`
  MODIFY `id` int(11) NOT NULL AUTO_INCREMENT, AUTO_INCREMENT=21;

--
-- AUTO_INCREMENT for table `kegiatan`
--
ALTER TABLE `kegiatan`
  MODIFY `id` int(11) NOT NULL AUTO_INCREMENT, AUTO_INCREMENT=3;

--
-- AUTO_INCREMENT for table `users`
--
ALTER TABLE `users`
  MODIFY `id` int(11) NOT NULL AUTO_INCREMENT, AUTO_INCREMENT=2;
COMMIT;

/*!40101 SET CHARACTER_SET_CLIENT=@OLD_CHARACTER_SET_CLIENT */;
/*!40101 SET CHARACTER_SET_RESULTS=@OLD_CHARACTER_SET_RESULTS */;
/*!40101 SET COLLATION_CONNECTION=@OLD_COLLATION_CONNECTION */;
